s,1996,,,,,,,,,,,,,,,,,,,,s,1997,,,,,,,,,,,,,,,,,,,s,1998,,,,,,,,,,,,,,,,,,,s,1999,,,,,,,,,,,,,,,,,,,,2000,,,,,,,,,,,,,,,,,,,,2001,,,,,,,,,,,,,,,,,,,,2002,,,,,,,,,,,,,,,,,,,,2003,,,,,,,,,,,,,,,,,,,,2004,,,,,,,,,,,,,,,,,,,,2005,,,,,,,,,,,,,,,,,,,,2006,,,,,,,,,,,,,,,,,,,,2007,,,,,,,,,,,,,,,,,,,,,,,,,,,,,,,,,,,,2008,,,,,,,,,,,,,,,,,,,,,,,,,,,,,,,,,,,,2009,,,,,,,,,,,,,,,,,,,,,,,,,,,,,,,,,,,,Specimin (before 2008),,,,,,,,,,,2010,,,,,,,,,,,,,,,,,,,,,,,,,,,,,,,,,,,,2011,,,,,,,,,,,,,,,,,,,,,,,,,,,,,,,,,,,2012,,,,,,,,,,,,,,,,,,,,,,,,,,,,,,,,,,2013,,,,,,,,,,,,,,,,,,,,,,,,,,,,,,,,,,,,2014,,,,,,,,,,,,,,,,,,,,,,,,,,,,,,,,,,,,2015                    2015                    2015,,,,,,,,,,,,,,,,,,,,,,,,,,,,,,,,,,,,2016,,,,,,,,,,,,,,,,,,,,,,,,,,,,,,,,,,,,2017,,,,,,,,,,,,,,,,,,,,,,,,,,,,,,,,,,,,,2018,,,,,,,,,,,,,,,,,,,,,,,,,,,,,,,,,,,,2019,,,,,,,,,,,,,,,,,,,,,,,,,,,,,,,,,,,,2020,,,,,,,,,,,,2021,,,,,,,,,,,,,,,,,,,,,,,,,,,,,,,,,,,,,,,,,,,,,,,,,,,,,,EX,,,,,,,,,,,,,,,,,,,,,,,,SP,,,,,,,,,,,,,,,,,,2022,,,,,,,,,,,,,,,,,,,,,,,,,,,,,,,,,,,,,,,,,,,,,,,,,,,,,,2023,,,,,,,,,,,,,,,,,,,,,,,,,,,,,,,,,,,,,,,,,,,,,,,,,,,,,,2024,,,,,,,,,,,,,,,,,,,,,,,,,,,,,,,,,,,,,,,,,,,,,,,,,,,,
,P1,,,,,,,,,,P2,,,,,,,,,,,P1,,,,,,,,,,P2,,,,,,,,,,P1,,,,,,,,,,P2,,,,,,,,,,P1,,,,,,,,,,P2,,,,,,,,,,P1,,,,,,,,,,P2,,,,,,,,,,P1,,,,,,,,,,P2,,,,,,,,,,P1,,,,,,,,,,P2,,,,,,,,,,P1,,,,,,,,,,P2,,,,,,,,,,P1,,,,,,,,,,P2,,,,,,,,,,P1,,,,,,,,,,P2,,,,,,,,,,P1,,,,,,,,,,P2,,,,,,,,,,P1,,,,,,,,,,,,,,,,,,P2,,,,,,,,,,,,,,,,,,P1,,,,,,,,,,,,,,,,,,P2,,,,,,,,,,,,,,,,,,P1,,,,,,,,,,,,,,,,,,P2,,,,,,,,,,,,,,,,,,P1,,,,,P2,,,,,,P1,,,,,,,,,,,,,,,,,,P2,,,,,,,,,,,,,,,,,,P1,,,,,,,,,,,,,,,,,,P2,,,,,,,,,,,,,,,,,P1,,,,,,,,,,,,,,,,,P2,,,,,,,,,,,,,,,,,P1,,,,,,,,,,,,,,,,,,P2,,,,,,,,,,,,,,,,,,P1,,,,,,,,,,,,,,,,,,P2,,,,,,,,,,,,,,,,,,P1,,,,,,,,,,,,,,,,,,P2,,,,,,,,,,,,,,,,,,P1,,,,,,,,,,,,,,,,,,P2,,,,,,,,,,,,,,,,,,P1,,,,,,,,,,,,,,,,,,,P2,,,,,,,,,,,,,,,,,,P1,,,,,,,,,,,,,,,,,,P2,,,,,,,,,,,,,,,,,,P1,,,,,,,,,,,,,,,,,,P2,,,,,,,,,,,,,,,,,,P1,,,,,,P2,,,,,,P1,,,,,,,,,,,,,,,,,,P2,,,,,,,,,,,,,,,,,,P3,,,,,,,,,,,,,,,,,,P1,,,,,,P1,,,,,,P2,,,,,,P3,,,,,,P1,,,,,,P2,,,,,,P3,,,,,,P1,,,,,,,,,,,,,,,,,,P2,,,,,,,,,,,,,,,,,,P3,,,,,,,,,,,,,,,,,,P1,,,,,,,,,,,,,,,,,,P2,,,,,,,,,,,,,,,,,,P3,,,,,,,,,,,,,,,,,,P1,,,,,,,,,,,,,,,,,,P2,,,,,,,,,,,,,,,,,,P3,,,,,,,,,,,,,,,,
,May,,,,,Nov,,,,,May,,,,,,Nov,,,,,May,,,,,Nov,,,,,May,,,,,Nov,,,,,May,,,,,Nov,,,,,May,,,,,Nov,,,,,May,,,,,Nov,,,,,May,,,,,Nov,,,,,May,,,,,Nov,,,,,May,,,,,Nov,,,,,May,,,,,Nov,,,,,May,,,,,Nov,,,,,May,,,,,Nov,,,,,May,,,,,Nov,,,,,May,,,,,Nov,,,,,May,,,,,Nov,,,,,May,,,,,Nov,,,,,May,,,,,Nov,,,,,May,,,,,Nov,,,,,May,,,,,Nov,,,,,May,,,,,Nov,,,,,May,,,,,Nov,,,,,May,,,,,,,,,,,,Nov,,,,,,May,,,,,,,,,,,,Nov,,,,,,May,,,,,,,,,,,,Nov,,,,,,May,,,,,,,,,,,,Nov,,,,,,May,,,,,,,,,,,,Nov,,,,,,May,,,,,,,,,,,,Nov,,,,,,May,,,,,,,,,,,May,,,,,,,,,,,,Nov,,,,,,May,,,,,,,,,,,,Nov,,,,,,May,,,,,,,,,,,,Nov,,,,,,May,,,,,,,,,,,,Nov,,,,,May,,,,,,,,,,,,Nov,,,,,May,,,,,,,,,,,Nov,,,,,,May,,,,,,,,,,,,Nov,,,,,,May,,,,,,,,,,,,Nov,,,,,,May,,,,,,,,,,,,Nov,,,,,,May,,,,,,,,,,,,Nov,,,,,,May,,,,,,,,,,,,Nov,,,,,,May,,,,,,,,,,,,Nov,,,,,,May,,,,,,,,,,,,Nov,,,,,,May,,,,,,,,,,,,Nov,,,,,,May,,,,,,,,,,,,,Nov,,,,,,May,,,,,,,,,,,,Nov,,,,,,May,,,,,,,,,,,,Nov,,,,,,May,,,,,,,,,,,,Nov,,,,,,May,,,,,,,,,,,,Nov,,,,,,May,,,,,,,,,,,,Nov,,,,,,Nov,,,,,,Nov,,,,,,May,,,,,,,,,,,,Nov,,,,,,May,,,,,,,,,,,,Nov,,,,,,May,,,,,,,,,,,,Nov,,,,,,May,,,,,,May,,,,,,May,,,,,,,,,,,,,,,,,,,,,,,,,,,,,,May,,,,,,,,,,,,Nov,,,,,,May,,,,,,,,,,,,Nov,,,,,,May,,,,,,,,,,,,Nov,,,,,,May,,,,,,,,,,,,Nov,,,,,,May,,,,,,,,,,,,Nov,,,,,,May,,,,,,,,,,,,Nov,,,,,,May,,,,,,,,,,,,Nov,,,,,,May,,,,,,,,,,,,Nov,,,,,,May,,,,,,,,,,,,Nov,,,,
,TZ0,,,,,TZ0,,,,,TZ0,,,,,,TZ0,,,,,TZ0,,,,,TZ0,,,,,TZ0,,,,,TZ0,,,,,TZ0,,,,,TZ0,,,,,TZ0,,,,,TZ0,,,,,TZ1,,,,,TZ0,,,,,TZ1,,,,,TZ0,,,,,TZ1,,,,,TZ0,,,,,TZ1,,,,,TZ0,,,,,TZ1,,,,,TZ0,,,,,TZ1,,,,,TZ0,,,,,TZ1,,,,,TZ0,,,,,TZ1,,,,,TZ0,,,,,TZ1,,,,,TZ0,,,,,TZ1,,,,,TZ0,,,,,TZ1,,,,,TZ0,,,,,TZ1,,,,,TZ0,,,,,TZ1,,,,,TZ0,,,,,TZ1,,,,,TZ0,,,,,TZ1,,,,,TZ0,,,,,TZ1,,,,,TZ0,,,,,TZ1,,,,,,TZ2,,,,,,TZ0,,,,,,TZ1,,,,,,TZ2,,,,,,TZ0,,,,,,TZ1,,,,,,TZ2,,,,,,TZ0,,,,,,TZ1,,,,,,TZ2,,,,,,TZ0,,,,,,TZ1,,,,,,TZ2,,,,,,TZ0,,,,,,TZ1,,,,,,TZ2,,,,,,TZ0,,,,,,TZ1,,,,,,,,,,,TZ1,,,,,,TZ2,,,,,,TZ0,,,,,,TZ1,,,,,,TZ2,,,,,,TZ0,,,,,,TZ1,,,,,,TZ2,,,,,,TZ0,,,,,,TZ1,,,,,,TZ2,,,,,,TZ0,,,,,TZ1,,,,,,TZ2,,,,,,TZ0,,,,,TZ1,,,,,TZ2,,,,,,TZ0,,,,,,TZ1,,,,,,TZ2,,,,,,TZ0,,,,,,TZ1,,,,,,TZ2,,,,,,TZ0,,,,,,TZ1,,,,,,TZ2,,,,,,TZ0,,,,,,TZ1,,,,,,TZ2,,,,,,TZ0,,,,,,TZ1,,,,,,TZ2,,,,,,TZ0,,,,,,TZ1,,,,,,TZ2,,,,,,TZ0,,,,,,TZ1,,,,,,TZ2,,,,,,TZ0,,,,,,TZ1,,,,,,TZ2,,,,,,TZ0,,,,,,TZ1,,,,,,,TZ2,,,,,,TZ0,,,,,,TZ1,,,,,,TZ2,,,,,,TZ0,,,,,,TZ1,,,,,,TZ2,,,,,,TZ0,,,,,,TZ1,,,,,,TZ2,,,,,,TZ0,,,,,,TZ1,,,,,,TZ2,,,,,,TZ0,,,,,,TZ1,,,,,,TZ2,,,,,,TZ0,,,,,,TZ0,,,,,,TZ0,,,,,,TZ1,,,,,,TZ2,,,,,,TZ0,,,,,,TZ1,,,,,,TZ2,,,,,,TZ0,,,,,,TZ1,,,,,,TZ2,,,,,,TZ0,,,,,,TZ0,,,,,,TZ0,,,,,,TZ0,,,,,,TZ0,,,,,,TZ0,,,,,,TZ0,,,,,,TZ0,,,,,,TZ1,,,,,,TZ2,,,,,,TZ0,,,,,,TZ1,,,,,,TZ2,,,,,,TZ0,,,,,,TZ1,,,,,,TZ2,,,,,,TZ0,,,,,,TZ1,,,,,,TZ2,,,,,,TZ0,,,,,,TZ1,,,,,,TZ2,,,,,,TZ0,,,,,,TZ1,,,,,,TZ2,,,,,,TZ0,,,,,,TZ1,,,,,,TZ2,,,,,,TZ0,,,,,,TZ1,,,,,,TZ2,,,,,,TZ0,,,,,,TZ1,,,,,,TZ2,,,,,,TZ0,,,,
,,99M.1.AHL.TZ1.H_1,,FALSE,,,99N.1.AHL.TZ0.H_1,,,,2,96M.2.AHL.TZ0.H_1ia,,FALSE,FALSE,,,99N.2.AHL.TZ0.H_1,,,,,99M.1.AHL.TZ1.H_1,,FALSE,,,99N.1.AHL.TZ0.H_1,,,,,99M.2.AHL.TZ1.H_1,,,,,99N.2.AHL.TZ0.H_1,,,,,99M.1.AHL.TZ1.H_1,,FALSE,,,99N.1.AHL.TZ0.H_1,,,,,99M.2.AHL.TZ1.H_1,,,,,99N.2.AHL.TZ0.H_1,,,,,99M.1.AHL.TZ1.H_1,,FALSE,,,99N.1.AHL.TZ0.H_1,,,,,99M.2.AHL.TZ1.H_1,,,,,99N.2.AHL.TZ0.H_1,,,,,00M.1.AHL.TZ1.H_1,,,,,00N.1.AHL.TZ0.H_1,,,,,00M.2.AHL.TZ1.H_1,,,,,00N.2.AHL.TZ0.H_1,,,,,01M.1.AHL.TZ1.H_1,,,,,01N.1.AHL.TZ0.H_1,,,,,01M.2.AHL.TZ1.H_1,,,,,01N.2.AHL.TZ0.H_1,,,,,02M.1.AHL.TZ1.H_1,,,,,02N.1.AHL.TZ0.H_1,,,,,02M.2.AHL.TZ1.H_1,,,,,02N.2.AHL.TZ0.H_1,,,,,03M.1.AHL.TZ1.H_1,,,,,03N.1.AHL.TZ0.H_1,,,,,03M.2.AHL.TZ1.H_1,,,,,03N.2.AHL.TZ0.H_1,,,,,04M.1.AHL.TZ1.H_1,,,,,04N.1.AHL.TZ0.H_1,,,,,04M.2.AHL.TZ1.H_1,,,,,04N.2.AHL.TZ0.H_1,,,,,05M.1.AHL.TZ1.H_1,,,,,05N.1.AHL.TZ0.H_1,,,,,05M.2.AHL.TZ1.H_1,,,,,05N.2.AHL.TZ0.H_1,,,,,06M.1.AHL.TZ1.H_1,,,,,06N.1.AHL.TZ0.H_1,,,,21,06M.2.AHL.TZ1.H_1,,,,,,,,,6,07M.1.AHL.TZ1.H_1,3.2,TRUE,FALSE,,6,07M.1.AHL.TZ2.H_1,3.2,TRUE,FALSE,,,07N.1.AHL.TZ0.H_1,,FALSE,FALSE,,,07M.2.AHL.TZ1.H_1,,FALSE,FALSE,,,07M.1.AHL.TZ2.H_1,,FALSE,FALSE,,,07N.1.AHL.TZ0.H_1,,FALSE,FALSE,,,08M.1.AHL.TZ1.H_1,,FALSE,FALSE,,,08M.1.AHL.TZ2.H_1,,FALSE,FALSE,,,08N.1.AHL.TZ0.H_1,,FALSE,FALSE,,,08M.2.AHL.TZ1.H_1,,FALSE,FALSE,,5,08M.2.AHL.TZ2.H_01,4.3,FALSE,FALSE,,,08N.2.AHL.TZ0.H_1,,FALSE,FALSE,,6,09M.1.AHL.TZ1.H_1,1.12,TRUE,TRUE,,5,09M.1.AHL.TZ2.H_1,2.12,FALSE,FALSE,,,09N.1.AHL.TZ0.H_1,,FALSE,FALSE,,,09M.2.AHL.TZ1.H_1,4.9?,FALSE,FALSE,,4,09M.2.AHL.TZ2.H_1,4,FALSE,FALSE,,,09N.2.AHL.TZ0.H_01,,FALSE,FALSE,,,,,,,,SP.2.01,,FALSE,FALSE,,,10M.1.AHL.TZ1.H_1,,FALSE,FALSE,,,10M.1.AHL.TZ2.H_1,,FALSE,FALSE,,,10N.1.AHL.TZ0.H_1,,FALSE,FALSE,,,10M.2.AHL.TZ1.H_1,,FALSE,FALSE,,,10M.2.AHL.TZ2.H_1,,FALSE,FALSE,,,10N.2.AHL.TZ0.H_1,,FALSE,FALSE,,,11M.1.AHL.TZ1.H_1,,FALSE,FALSE,,4,11M.1.AHL.TZ2.H_1a,5.3,FALSE,FALSE,,,11N.1.AHL.TZ0.H_1,,FALSE,FALSE,,,11M.2.AHL.TZ1.H_1,,FALSE,FALSE,,,11M.2.AHL.TZ2.H_1,,FALSE,FALSE,,,11N.2.AHL.TZ0.H_1,,,,4,12M.1.AHL.TZ1.H_1,1.8,FALSE,FALSE,,,12M.1.AHL.TZ2.H_1,2.12,FALSE,FALSE,,,12N.1.AHL.TZ0.H_1,,,,,12M.2.AHL.TZ1.H_1,,,,7,12M.2.AHL.TZ2.H_1,1.2,TRUE,FALSE,,7,12N.2.AHL.TZ0.H_1,1.2,TRUE,FALSE,,6,13M.1.AHL.TZ1.H_1,1.13,TRUE,FALSE,,6,13M.1.AHL.TZ2.H_1,integrals,FALSE,FALSE,,5,13N.1.AHL.TZ0.H_1,2.12,FALSE,FALSE,,4,13M.2.AHL.TZ1.H_1,4.3,FALSE,TRUE,,,13M.2.AHL.TZ2.H_1,3,FALSE,FALSE,,,13N.2.AHL.TZ0.H_1,matrix,FALSE,FALSE,,5,14M.1.AHL.TZ1.H_1,2.12,FALSE,FALSE,,2,14M.1.AHL.TZ2.H_1a,4.6,FALSE,FALSE,,4,14N.1.AHL.TZ0.H_1,2.11,FALSE,TRUE,,,14M.2.AHL.TZ1.H_1,imag,FALSE,FALSE,,6,14M.2.AHL.TZ2.H_1,1.2,FALSE,TRUE,,,14N.2.AHL.TZ0.H_1,vectors,FALSE,FALSE,,5,15M.1.AHL.TZ1.H_1,3.4,TRUE,FALSE,,4,15M.1.AHL.TZ2.H_1,4.11,FALSE,FALSE,,4,15N.1.AHL.TZ0.H_1,3.4,FALSE,FALSE,,4,15M.2.AHL.TZ1.H_1,5,FALSE,FALSE,,4,15M.2.AHL.TZ2.H_1,3.2,TRUE,FALSE,,4,15N.2.AHL.TZ0.H_1,4.6,FALSE,FALSE,,6,16M.1.AHL.TZ1.H_1,1.2 (1),,,,6,16M.1.AHL.TZ2.H_1,"1.16, 3.18",FALSE,FALSE,,5,16N.1.AHL.TZ0.H_1,3.18,FALSE,FALSE,,4,16M.2.AHL.TZ1.H_1,3.16,FALSE,FALSE,,5,16M.2.AHL.TZ2.H_1,3.2,FALSE,FALSE,,5,16N.2.AHL.TZ0.H_1,4.14,FALSE,FALSE,,4,17M.1.AHL.TZ1.H_1,1.7,find,TRUE,FALSE,,5,17M.1.AHL.TZ2.H_1,1.9,FALSE,FALSE,,5,17N.1.AHL.TZ0.H_1,1.7,FALSE,FALSE,,6,17M.2.AHL.TZ1.H_1,4.6,FALSE,FALSE,,4,17M.2.AHL.TZ2.H_1,4.5,FALSE,FALSE,,4,17N.2.AHL.TZ0.H_1,1.16,FALSE,FALSE,,5,18M.1.AHL.TZ1.H_1,2.12,FALSE,FALSE,,4,18M.1.AHL.TZ2.H_1,3.13,FALSE,FALSE,,6,18N.1.AHL.TZ0.H_1,4.11,FALSE,FALSE,,7,18M.2.AHL.TZ1.H_1,1.2,FALSE,FALSE,,6,18M.2.AHL.TZ2.H_1,1.12,TRUE,FALSE,,3,18N.2.AHL.TZ0.H_1a,1.3,FALSE,FALSE,,4,19M.1.AHL.TZ1.H_1,3.13,TRUE,FALSE,,4,19M.1.AHL.TZ2.H_1,1.2,FALSE,TRUE,,5,19N.1.AHL.TZ0.H_1,4.7,FALSE,FALSE,,4,19M.2.AHL.TZ1.H_1,5.6,FALSE,TRUE,,5,19M.2.AHL.TZ2.H_1,3.2,TRUE,FALSE,,5,19N.2.AHL.TZ0.H_1,1.3,FALSE,FALSE,,4,20N.1.AHL.TZ0.H_1,4.7,FALSE,FALSE,,5,20N.2.AHL.TZ0.H_1,3.4,FALSE,FALSE,,4,21M.1.AHL.TZ1.H_6,3.8,FALSE,FALSE,,4,21M.1.AHL.TZ2.H_5,3.16,TRUE,FALSE,,9,21N.1.AHL.TZ0.H_2,2.8,FALSE,FALSE,,5,21M.2.AHL.TZ1.H_6,3.18,FALSE,FALSE,,6,21M.2.AHL.TZ2.H_6,4.14,FALSE,FALSE,,7,21N.2.AHL.TZ0.H_1,4.4,FALSE,FALSE,,27,21N.3.AHL.TZ0.H_1,,FALSE,FALSE,,31,21N.3.AHL.TZ0.H_1,2.14,FALSE,FALSE,,25,21N.3.AHL.TZ0.H_1,5.18,FALSE,FALSE,,8,EXN.1.AHL.TZ0.1,1.11,FALSE,FALSE,,3,EXN.1.AHL.TZ0.8a,3.15,FALSE,TRUE,,6,EXN.2.AHL.TZ0.1,1.10.4,FALSE,FALSE,,2,EXM.3.AHL.TZ0.1a,,FALSE,FALSE,,5,SPM.1.AHL.TZ0.H_4,2.16.4,FALSE,FALSE,,7,SPM.2.AHL.TZ0.H_4,4.11,FALSE,FALSE,,,22N.3.AHL.TZ0.H_1,l'Hopital,FALSE,FALSE,,5,22M.1.AHL.TZ1.H_1,5.11,FALSE,TRUE,,2,22M.1.AHL.TZ2.H_3a,2.13,FALSE,FALSE,,7,22N.1.AHL.TZ0.H_5,2.12,FALSE,FALSE,,2,22M.2.AHL.TZ1.H_6a,2.14,FALSE,TRUE,,5,22M.2.AHL.TZ2.H_6,5.17 (vol),FALSE,TRUE,,8,22N.2.AHL.TZ0.H_6,4.14,FALSE,FALSE,,27,22M.3.AHL.TZ1.H_1,2.7,FALSE,FALSE,,4,22M.3.AHL.TZ2.H_1a,2.3,FALSE,FALSE,,28,22N.3.AHL.TZ0.H_1a,,FALSE,FALSE,,6,23M.1.AHL.TZ1.H_3,3.8,FALSE,FALSE,,,23M.1.AHL.TZ2.H_6,4.14,FALSE,FALSE,,5,23N.1.AHL.TZ0.H_1,2.5,FALSE,FALSE,,,23M.2.AHL.TZ1.H_6,,FALSE,FALSE,,4,23M.2.AHL.TZ2.H_1,4.4,FALSE,FALSE,,5,23N.2.AHL.TZ0.H_6,4.8,FALSE,TRUE,,25,23M.3.AHL.TZ1.H_1,exponential functions,FALSE,FALSE,,24,23M.3.AHL.TZ2.H_1,logarithms,FALSE,FALSE,,24,23N.3.AHL.TZ0.H_1,family of cubics,FALSE,FALSE,,6,24M.1.AHL.TZ1.H_6,5.17 (vol),FALSE,FALSE,,5,24M.1.AHL.TZ2.H_2,1.7.5,FALSE,TRUE,,,24N.1.AHL.TZ0.H_1,,FALSE,FALSE,,7,24M.2.AHL.TZ1.H_1,1.4,FALSE,TRUE,,6,24M.2.AHL.TZ2.H_6,5.14,FALSE,FALSE,,,24N.2.AHL.TZ0.H_1,,FALSE,FALSE,,,24M.3.AHL.TZ1.H_1,,FALSE,FALSE,,,24M.3.AHL.TZ2.H_1,,FALSE,FALSE,,,24N.3.AHL.TZ0.H_1,,FALSE,FALSE
,,99M.1.AHL.TZ1.H_2,,,,,99N.1.AHL.TZ0.H_2,,,,3,96M.2.AHL.TZ0.H_1ib,,,,,,99N.2.AHL.TZ0.H_2,,,,,99M.1.AHL.TZ1.H_2,,,,,99N.1.AHL.TZ0.H_2,,,,,99M.2.AHL.TZ1.H_2,,,,,99N.2.AHL.TZ0.H_2,,,,,99M.1.AHL.TZ1.H_2,,,,,99N.1.AHL.TZ0.H_2,,,,,99M.2.AHL.TZ1.H_2,,,,,99N.2.AHL.TZ0.H_2,,,,,99M.1.AHL.TZ1.H_2,,,,,99N.1.AHL.TZ0.H_2,,,,,99M.2.AHL.TZ1.H_2,,,,,99N.2.AHL.TZ0.H_2,,,,,00M.1.AHL.TZ1.H_2,,,,,00N.1.AHL.TZ0.H_2,,,,,00M.2.AHL.TZ1.H_2,,,,,00N.2.AHL.TZ0.H_2,,,,,01M.1.AHL.TZ1.H_2,,,,,01N.1.AHL.TZ0.H_2,,,,,01M.2.AHL.TZ1.H_2,,,,,01N.2.AHL.TZ0.H_2,,,,,02M.1.AHL.TZ1.H_2,,,,,02N.1.AHL.TZ0.H_2,,,,,02M.2.AHL.TZ1.H_2,,,,,02N.2.AHL.TZ0.H_2,,,,,03M.1.AHL.TZ1.H_2,,,,,03N.1.AHL.TZ0.H_2,,,,,03M.2.AHL.TZ1.H_2,,,,,03N.2.AHL.TZ0.H_2,,,,,04M.1.AHL.TZ1.H_2,,,,,04N.1.AHL.TZ0.H_2,,,,,04M.2.AHL.TZ1.H_2,,,,,04N.2.AHL.TZ0.H_2,,,,,05M.1.AHL.TZ1.H_2,,,,,05N.1.AHL.TZ0.H_2,,,,,05M.2.AHL.TZ1.H_2,,,,,05N.2.AHL.TZ0.H_2,,,,,06M.1.AHL.TZ1.H_2,,,,,06N.1.AHL.TZ0.H_2,,,,21,06M.2.AHL.TZ1.H_2,,,,,,,,,,07M.1.AHL.TZ1.H_2,,FALSE,FALSE,,,07M.1.AHL.TZ2.H_2,,FALSE,FALSE,,,07N.1.AHL.TZ0.H_2,,FALSE,FALSE,,,07M.2.AHL.TZ1.H_2,,FALSE,FALSE,,,07M.1.AHL.TZ2.H_2,,FALSE,FALSE,,,07N.1.AHL.TZ0.H_2,,FALSE,FALSE,,,08M.1.AHL.TZ1.H_2,,FALSE,FALSE,,,08M.1.AHL.TZ2.H_2,,FALSE,FALSE,,,08N.1.AHL.TZ0.H_2,,FALSE,FALSE,,,08M.2.AHL.TZ1.H_2,,FALSE,FALSE,,,08M.2.AHL.TZ2.H_02,,FALSE,FALSE,,,08N.2.AHL.TZ0.H_2,,FALSE,FALSE,,5,09M.1.AHL.TZ1.H_2,3.7,FALSE,FALSE,,5,09M.1.AHL.TZ2.H_2,4.2,FALSE,FALSE,,,09N.1.AHL.TZ0.H_2,,FALSE,FALSE,,,09M.2.AHL.TZ1.H_2,,FALSE,FALSE,,5,09M.2.AHL.TZ2.H_2,,FALSE,FALSE,,,09N.2.AHL.TZ0.H_02,,FALSE,FALSE,,,,,,,,SP.2.02,,FALSE,FALSE,,,10M.1.AHL.TZ1.H_2,,FALSE,FALSE,,,10M.1.AHL.TZ2.H_2,,FALSE,FALSE,,,10N.1.AHL.TZ0.H_2,,FALSE,FALSE,,,10M.2.AHL.TZ1.H_2,,FALSE,FALSE,,,10M.2.AHL.TZ2.H_2,,FALSE,FALSE,,,10N.2.AHL.TZ0.H_2,,FALSE,FALSE,,,11M.1.AHL.TZ1.H_2,,FALSE,FALSE,,2,11M.1.AHL.TZ2.H_1b,2.11,,,,,11N.1.AHL.TZ0.H_2,,FALSE,FALSE,,,11M.2.AHL.TZ1.H_2,,FALSE,FALSE,,,11M.2.AHL.TZ2.H_2,,FALSE,FALSE,,,11N.2.AHL.TZ0.H_2,,,,4,12M.1.AHL.TZ1.H_2a,2.16,FALSE,FALSE,,,12M.1.AHL.TZ2.H_2,vectors,FALSE,FALSE,,,12N.1.AHL.TZ0.H_2,,,,,12M.2.AHL.TZ1.H_2,,,,,12M.2.AHL.TZ2.H_2,rand var,FALSE,FALSE,,4,12N.2.AHL.TZ0.H_2,2.7,FALSE,TRUE,,6,13M.1.AHL.TZ1.H_2,3.16,TRUE,FALSE,,5,13M.1.AHL.TZ2.H_2,matrices,FALSE,FALSE,,6,13N.1.AHL.TZ0.H_2,4.7,FALSE,FALSE,,,13M.2.AHL.TZ1.H_2,sys eq,FALSE,FALSE,,,13M.2.AHL.TZ2.H_2,sys eq,FALSE,FALSE,,7,13N.2.AHL.TZ0.H_2,1.2,FALSE,FALSE,,4,14M.1.AHL.TZ1.H_2,4.3,FALSE,FALSE,,2,14M.1.AHL.TZ2.H_1b,4.6,,,,6,14N.1.AHL.TZ0.H_2,2.7,FALSE,FALSE,,,14M.2.AHL.TZ1.H_2,norm dist,FALSE,FALSE,,,14M.2.AHL.TZ2.H_2,norm dist,FALSE,FALSE,,,14N.2.AHL.TZ0.H_2,norm dist,FALSE,FALSE,,5,15M.1.AHL.TZ1.H_2,4.3,FALSE,FALSE,,4,15M.1.AHL.TZ2.H_2,1.9,FALSE,FALSE,,4,15N.1.AHL.TZ0.H_2,5,FALSE,FALSE,,4,15M.2.AHL.TZ1.H_2,4,FALSE,FALSE,,6,15M.2.AHL.TZ2.H_2,,FALSE,FALSE,,4,15N.2.AHL.TZ0.H_2,3.18,FALSE,FALSE,,4,16M.1.AHL.TZ1.H_2,4.3,FALSE,FALSE,,5,16M.1.AHL.TZ2.H_2,2.8,FALSE,FALSE,,4,16N.1.AHL.TZ0.H_2,4.7,FALSE,FALSE,,2,16M.2.AHL.TZ1.H_2a,2.6,FALSE,FALSE,,7,16M.2.AHL.TZ2.H_2,4.9,FALSE,FALSE,,5,16N.2.AHL.TZ0.H_2,3.18,FALSE,FALSE,,6,17M.1.AHL.TZ1.H_2,1.12,write,TRUE,TRUE,,6,17M.1.AHL.TZ2.H_2,2.5,FALSE,FALSE,,3,17N.1.AHL.TZ0.H_2a,3.14,TRUE,FALSE,,7,17M.2.AHL.TZ1.H_2,5.14.1,FALSE,FALSE,,9,17M.2.AHL.TZ2.H_2,5.17,FALSE,FALSE,,6,17N.2.AHL.TZ0.H_2,4.11,FALSE,FALSE,,7,18M.1.AHL.TZ1.H_2,5.6,FALSE,TRUE,,3,18M.1.AHL.TZ2.H_2a,2.16.1,FALSE,FALSE,,5,18N.1.AHL.TZ0.H_2,1.10,FALSE,TRUE,,6,18M.2.AHL.TZ1.H_2,2.7,FALSE,TRUE,,5,18M.2.AHL.TZ2.H_2,2.12,FALSE,TRUE,,2,18N.2.AHL.TZ0.H_1b,1.8,,,,4,19M.1.AHL.TZ1.H_2,1.9,FALSE,FALSE,,2,19M.1.AHL.TZ2.H_2a,3.12,TRUE,FALSE,,6,19N.1.AHL.TZ0.H_2,5.11,FALSE,FALSE,,5,19M.2.AHL.TZ1.H_2,1.14,FALSE,TRUE,,2,19M.2.AHL.TZ2.H_2a,4.9,FALSE,FALSE,,6,19N.2.AHL.TZ0.H_2,AI,FALSE,FALSE,,5,20N.1.AHL.TZ0.H_2,5.6,FALSE,FALSE,,4,20N.2.AHL.TZ0.H_2,AI,FALSE,FALSE,,8,21M.1.AHL.TZ1.H_7,1.14,FALSE,FALSE,,5,21M.1.AHL.TZ2.H_7,2.12,FALSE,FALSE,,5,21N.1.AHL.TZ0.H_3,1.7,TRUE,FALSE,,7,21M.2.AHL.TZ1.H_7,4.14,FALSE,FALSE,,5,21M.2.AHL.TZ2.H_7,1.10.1,FALSE,FALSE,,2,21N.2.AHL.TZ0.H_6a,1.6,FALSE,FALSE,,28,21N.3.AHL.TZ0.H_2,5.19,FALSE,FALSE,,24,21N.3.AHL.TZ0.H_2,1.14,FALSE,FALSE,,30,21N.3.AHL.TZ0.H_2,5.18 (IF),FALSE,FALSE,,1,EXN.1.AHL.TZ0.2a,5.11,FALSE,FALSE,,4,EXN.1.AHL.TZ0.8b,3.18,,,,7,EXN.2.AHL.TZ0.6,5.14,FALSE,FALSE,,3,EXM.3.AHL.TZ0.1b,,,,,7,SPM.1.AHL.TZ0.H_7,4.14,FALSE,FALSE,,6,SPM.2.AHL.TZ0.H_6,4.14,FALSE,FALSE,,,22N.3.AHL.TZ0.H_2,,FALSE,FALSE,,5,22M.1.AHL.TZ1.H_6,1.9,FALSE,FALSE,,3,22M.1.AHL.TZ2.H_3b,2.4,,,,7,22N.1.AHL.TZ0.H_7,5.14.1,FALSE,TRUE,,4,22M.2.AHL.TZ1.H_6b,2.15,,,,8,22M.2.AHL.TZ2.H_7,5.13,FALSE,TRUE,,3,22N.2.AHL.TZ0.H_7a,3.13,FALSE,TRUE,,28,22M.3.AHL.TZ1.H_2,,FALSE,FALSE,,2,22M.3.AHL.TZ2.H_1b,5.7,,,,,,,,,,,23M.1.AHL.TZ1.H_6,5.14.2,FALSE,FALSE,,7,23M.1.AHL.TZ2.H_7,1.15 (ind),TRUE,FALSE,,4,23N.1.AHL.TZ0.H_2,4.6,FALSE,FALSE,,,23M.2.AHL.TZ1.H_7,,FALSE,FALSE,,6,23M.2.AHL.TZ2.H_2,3.3,TRUE,FALSE,,6,23N.2.AHL.TZ0.H_7,1.11,FALSE,TRUE,,30,23M.3.AHL.TZ1.H_2,geomertic mean,FALSE,FALSE,,31,23M.3.AHL.TZ2.H_2a,AS linear,FALSE,FALSE,,31,23N.3.AHL.TZ0.H_2,,FALSE,FALSE,,7,24M.1.AHL.TZ1.H_7,1.10 (com),FALSE,TRUE,,1,24M.1.AHL.TZ2.H_6,4.12,FALSE,FALSE,,,24N.1.AHL.TZ0.H_2,,FALSE,FALSE,,4,24M.2.AHL.TZ1.H_3,4.12,FALSE,TRUE,,5,24M.2.AHL.TZ2.H_7,5.17 (vol),FALSE,FALSE,,,24N.2.AHL.TZ0.H_2,,FALSE,FALSE,,,24M.3.AHL.TZ1.H_2,,FALSE,FALSE,,,24M.3.AHL.TZ2.H_2,,FALSE,FALSE,,,24N.3.AHL.TZ0.H_2,,FALSE,FALSE
,,99M.1.AHL.TZ1.H_3,,,,,99N.1.AHL.TZ0.H_3,,,,2,96M.2.AHL.TZ0.H_1ic,,,,,,99N.2.AHL.TZ0.H_3,,,,,99M.1.AHL.TZ1.H_3,,,,,99N.1.AHL.TZ0.H_3,,,,,99M.2.AHL.TZ1.H_3,,,,,99N.2.AHL.TZ0.H_3,,,,,99M.1.AHL.TZ1.H_3,,,,,99N.1.AHL.TZ0.H_3,,,,,99M.2.AHL.TZ1.H_3,,,,,99N.2.AHL.TZ0.H_3,,,,,99M.1.AHL.TZ1.H_3,,,,,99N.1.AHL.TZ0.H_3,,,,,99M.2.AHL.TZ1.H_3,,,,,99N.2.AHL.TZ0.H_3,,,,,00M.1.AHL.TZ1.H_3,,,,,00N.1.AHL.TZ0.H_3,,,,,00M.2.AHL.TZ1.H_3,,,,,00N.2.AHL.TZ0.H_3,,,,,01M.1.AHL.TZ1.H_3,,,,,01N.1.AHL.TZ0.H_3,,,,13,01M.2.AHL.TZ1.H_3,5.7,23AH L41,,,01N.2.AHL.TZ0.H_3,,,,,02M.1.AHL.TZ1.H_3,,,,,02N.1.AHL.TZ0.H_3,,,,,02M.2.AHL.TZ1.H_3,,,,,02N.2.AHL.TZ0.H_3,,,,,03M.1.AHL.TZ1.H_3,,,,,03N.1.AHL.TZ0.H_3,,,,,03M.2.AHL.TZ1.H_3,,,,,03N.2.AHL.TZ0.H_3,,,,,04M.1.AHL.TZ1.H_3,,,,,04N.1.AHL.TZ0.H_3,,,,,04M.2.AHL.TZ1.H_3,,,,,04N.2.AHL.TZ0.H_3,,,,,05M.1.AHL.TZ1.H_3,,,,,05N.1.AHL.TZ0.H_3,,,,,05M.2.AHL.TZ1.H_3,,,,,05N.2.AHL.TZ0.H_3,,,,,06M.1.AHL.TZ1.H_3,,,,,06N.1.AHL.TZ0.H_3,,,,23,06M.2.AHL.TZ1.H_3,,,,,,,,,,07M.1.AHL.TZ1.H_3,,FALSE,FALSE,,6,07M.1.AHL.TZ2.H_3,3.18,FALSE,FALSE,,,07N.1.AHL.TZ0.H_3,,FALSE,FALSE,,,07M.2.AHL.TZ1.H_3,AI,FALSE,FALSE,,,07M.1.AHL.TZ2.H_3,,FALSE,FALSE,,,07N.1.AHL.TZ0.H_3,,FALSE,FALSE,,,08M.1.AHL.TZ1.H_3,,FALSE,FALSE,,,08M.1.AHL.TZ2.H_3,,FALSE,FALSE,,5,08N.1.AHL.TZ0.H_3,4.2,FALSE,FALSE,,,08M.2.AHL.TZ1.H_3,,FALSE,FALSE,,,08M.2.AHL.TZ2.H_03,,FALSE,FALSE,,,08N.2.AHL.TZ0.H_3,,FALSE,FALSE,,,09M.1.AHL.TZ1.H_3,,FALSE,FALSE,,6,09M.1.AHL.TZ2.H_3,4.14,FALSE,FALSE,,,09N.1.AHL.TZ0.H_3,,FALSE,FALSE,,,09M.2.AHL.TZ1.H_3,5,FALSE,FALSE,,6,09M.2.AHL.TZ2.H_3,,FALSE,FALSE,,,09N.2.AHL.TZ0.H_03,,FALSE,FALSE,,,,,,,,SP.2.03,,FALSE,FALSE,,,10M.1.AHL.TZ1.H_3,,FALSE,FALSE,,,10M.1.AHL.TZ2.H_3,,FALSE,FALSE,,5,10N.1.AHL.TZ0.H_3,1.9,FALSE,FALSE,,,10M.2.AHL.TZ1.H_3,,FALSE,FALSE,,,10M.2.AHL.TZ2.H_3,,FALSE,FALSE,,,10N.2.AHL.TZ0.H_3,,FALSE,FALSE,,7,11M.1.AHL.TZ1.H_3,1.8,FALSE,FALSE,,5,11M.1.AHL.TZ2.H_2,AI,FALSE,FALSE,,,11N.1.AHL.TZ0.H_3,,FALSE,FALSE,,,11M.2.AHL.TZ1.H_3,,FALSE,FALSE,,,11M.2.AHL.TZ2.H_3,,FALSE,FALSE,,,11N.2.AHL.TZ0.H_3,,,,4,12M.1.AHL.TZ1.H_2b,5.5,FALSE,,,,12M.1.AHL.TZ2.H_3,prob,FALSE,FALSE,,,12N.1.AHL.TZ0.H_3,,,,,12M.2.AHL.TZ1.H_3,,,,,12M.2.AHL.TZ2.H_3,3,FALSE,FALSE,,,12N.2.AHL.TZ0.H_3,matrix,FALSE,FALSE,,5,13M.1.AHL.TZ1.H_3,matrices,FALSE,FALSE,,4,13M.1.AHL.TZ2.H_3,1.9,FALSE,FALSE,,7,13N.1.AHL.TZ0.H_3,2.9,FALSE,FALSE,,,13M.2.AHL.TZ1.H_3,prob,FALSE,FALSE,,,13M.2.AHL.TZ2.H_3,norm dis,FALSE,FALSE,,,13N.2.AHL.TZ0.H_3,2,FALSE,FALSE,,5,14M.1.AHL.TZ1.H_3,1.7,FALSE,FALSE,,2,14M.1.AHL.TZ2.H_1c,4.11,,,,5,14N.1.AHL.TZ0.H_3,3.12,TRUE,FALSE,,,14M.2.AHL.TZ1.H_3,count princ,FALSE,FALSE,,,14M.2.AHL.TZ2.H_3,calc area,FALSE,FALSE,,,14N.2.AHL.TZ0.H_3,mean var,FALSE,FALSE,,5,15M.1.AHL.TZ1.H_3,5.15 (int),FALSE,TRUE,,6,15M.1.AHL.TZ2.H_3,3.10,FALSE,FALSE,,6,15N.1.AHL.TZ0.H_3,1.9,FALSE,FALSE,,5,15M.2.AHL.TZ1.H_3,4,FALSE,FALSE,,5,15M.2.AHL.TZ2.H_3,,FALSE,FALSE,,3,15N.2.AHL.TZ0.H_3a,4.3,FALSE,FALSE,,6,16M.1.AHL.TZ1.H_3,3.7,FALSE,FALSE,,5,16M.1.AHL.TZ2.H_3,"3.9, 5.11",FALSE,FALSE,,4,16N.1.AHL.TZ0.H_3,2.13,FALSE,FALSE,,2,16M.2.AHL.TZ1.H_2b,2.5.1,,,,6,16M.2.AHL.TZ2.H_3,2.10,FALSE,FALSE,,6,16N.2.AHL.TZ0.H_3,AI,FALSE,FALSE,,5,17M.1.AHL.TZ1.H_3,3.8,,FALSE,FALSE,,5,17M.1.AHL.TZ2.H_3,1.3,FALSE,TRUE,,3,17N.1.AHL.TZ0.H_2b,3.18,,,,6,17M.2.AHL.TZ1.H_3,1.9,FALSE,TRUE,,7,17M.2.AHL.TZ2.H_3,4.12,FALSE,FALSE,,4,17N.2.AHL.TZ0.H_3,3.4,TRUE,FALSE,,5,18M.1.AHL.TZ1.H_3,4.7,FALSE,FALSE,,4,18M.1.AHL.TZ2.H_2b,2.10,,,,3,18N.1.AHL.TZ0.H_3a,3.7,FALSE,FALSE,,5,18M.2.AHL.TZ1.H_3,3.11,FALSE,TRUE,,6,18M.2.AHL.TZ2.H_3,4.12,FALSE,FALSE,,7,18N.2.AHL.TZ0.H_2,5.7,FALSE,TRUE,,4,19M.1.AHL.TZ1.H_3,3.4,FALSE,FALSE,,4,19M.1.AHL.TZ2.H_2b,3.16,,,,5,19N.1.AHL.TZ0.H_3,3.18,FALSE,FALSE,,7,19M.2.AHL.TZ1.H_3,4.3,FALSE,FALSE,,3,19M.2.AHL.TZ2.H_2b,4.8,,,,6,19N.2.AHL.TZ0.H_3,2.5,FALSE,FALSE,,7,20N.1.AHL.TZ0.H_3,4.6,FALSE,FALSE,,8,20N.2.AHL.TZ0.H_3,5.11,FALSE,FALSE,,5,21M.1.AHL.TZ1.H_8,5.13,FALSE,FALSE,,8,21M.1.AHL.TZ2.H_8,3.14,FALSE,FALSE,,7,21N.1.AHL.TZ0.H_7,2.7,FALSE,FALSE,,7,21M.2.AHL.TZ1.H_8,1.13,TRUE,FALSE,,5,21M.2.AHL.TZ2.H_8,1.13,TRUE,FALSE,,6,21N.2.AHL.TZ0.H_6b,2.12,,,,,,,,,,,,,,,,,,,,,,6,EXN.1.AHL.TZ0.2b,1.11,,,,8,EXN.1.AHL.TZ0.9,1.15 (ind),FALSE,TRUE,,3,EXN.2.AHL.TZ0.7a,1.11,FALSE,FALSE,,2,EXM.3.AHL.TZ0.1c,,,,,7,SPM.1.AHL.TZ0.H_8,3.18,FALSE,FALSE,,5,SPM.2.AHL.TZ0.H_7,3.15,FALSE,FALSE,,,,,,,,8,22M.1.AHL.TZ1.H_7,4.14,FALSE,FALSE,,1,22M.1.AHL.TZ2.H_3c,2.15,,,,5,22N.1.AHL.TZ0.H_8,3.9,FALSE,TRUE,,2,22M.2.AHL.TZ1.H_7a,3.12,FALSE,TRUE,,7,22M.2.AHL.TZ2.H_8,4.9,FALSE,TRUE,,3,22N.2.AHL.TZ0.H_7b,3.12,,,,,,,,,,2,22M.3.AHL.TZ2.H_1c,2.4,,,,,,,,,,,23M.1.AHL.TZ1.H_7,1.14,FALSE,FALSE,,,23M.1.AHL.TZ2.H_8,3.8,FALSE,FALSE,,7,23N.1.AHL.TZ0.H_3,5.9,FALSE,FALSE,,,23M.2.AHL.TZ1.H_8,,FALSE,FALSE,,7,23M.2.AHL.TZ2.H_4,1.9,FALSE,FALSE,,,,,FALSE,FALSE,,,,,,,,,,,,,,,,,,,,,24M.1.AHL.TZ1.H_8,5.19,FALSE,FALSE,,4,,4.13,,,,,24N.1.AHL.TZ0.H_3,,FALSE,FALSE,,6,24M.2.AHL.TZ1.H_6,4.8,FALSE,FALSE,,10,24M.2.AHL.TZ2.H_8,1.14,FALSE,TRUE,,,24N.2.AHL.TZ0.H_3,,FALSE,FALSE,,,,,,,,,,,,,,,,,,
,,99M.1.AHL.TZ1.H_4,,,,,99N.1.AHL.TZ0.H_4,,,,4,96M.2.AHL.TZ0.H_1id,,,,,,99N.2.AHL.TZ0.H_4,,,,,99M.1.AHL.TZ1.H_4,,,,,99N.1.AHL.TZ0.H_4,,,,,99M.2.AHL.TZ1.H_4,,,,,99N.2.AHL.TZ0.H_4,,,,,99M.1.AHL.TZ1.H_4,,,,,99N.1.AHL.TZ0.H_4,,,,,99M.2.AHL.TZ1.H_4,,,,,99N.2.AHL.TZ0.H_4,,,,,99M.1.AHL.TZ1.H_4,,,,,99N.1.AHL.TZ0.H_4,,,,,99M.2.AHL.TZ1.H_4,,,,,99N.2.AHL.TZ0.H_4,,,,,00M.1.AHL.TZ1.H_4,,,,,00N.1.AHL.TZ0.H_4,,,,,00M.2.AHL.TZ1.H_4,,,,,00N.2.AHL.TZ0.H_4,,,,,01M.1.AHL.TZ1.H_4,,,,,01N.1.AHL.TZ0.H_4,,,,,01M.2.AHL.TZ1.H_4,,,,,01N.2.AHL.TZ0.H_4,,,,,02M.1.AHL.TZ1.H_4,,,,,02N.1.AHL.TZ0.H_4,,,,,02M.2.AHL.TZ1.H_4,,,,,02N.2.AHL.TZ0.H_4,,,,,03M.1.AHL.TZ1.H_4,,,,,03N.1.AHL.TZ0.H_4,,,,,03M.2.AHL.TZ1.H_4,,,,,03N.2.AHL.TZ0.H_4,,,,,04M.1.AHL.TZ1.H_4,,,,,04N.1.AHL.TZ0.H_4,,,,,04M.2.AHL.TZ1.H_4,,,,,04N.2.AHL.TZ0.H_4,,,,,05M.1.AHL.TZ1.H_4,,,,,05N.1.AHL.TZ0.H_4,,,,,05M.2.AHL.TZ1.H_4,,,,,05N.2.AHL.TZ0.H_4,,,,,06M.1.AHL.TZ1.H_4,,,,,06N.1.AHL.TZ0.H_4,,,,12,06M.2.AHL.TZ1.H_4a,,,,,,,,,,07M.1.AHL.TZ1.H_4,,FALSE,FALSE,,,07M.1.AHL.TZ2.H_4,,FALSE,FALSE,,,07N.1.AHL.TZ0.H_4,,FALSE,FALSE,,,07M.2.AHL.TZ1.H_4,,FALSE,FALSE,,,07M.1.AHL.TZ2.H_4,,FALSE,FALSE,,,07N.1.AHL.TZ0.H_4,,FALSE,FALSE,,,08M.1.AHL.TZ1.H_4,,FALSE,FALSE,,,08M.1.AHL.TZ2.H_4,,FALSE,FALSE,,,08N.1.AHL.TZ0.H_4,,FALSE,FALSE,,,08M.2.AHL.TZ1.H_4,,FALSE,FALSE,,,08M.2.AHL.TZ2.H_04,,FALSE,FALSE,,,08N.2.AHL.TZ0.H_4,,FALSE,FALSE,,,09M.1.AHL.TZ1.H_4,,FALSE,FALSE,,6,09M.1.AHL.TZ2.H_4,5.11,FALSE,FALSE,,,09N.1.AHL.TZ0.H_4,,FALSE,FALSE,,,09M.2.AHL.TZ1.H_4,AI,FALSE,FALSE,,6,09M.2.AHL.TZ2.H_4,,FALSE,FALSE,,,09N.2.AHL.TZ0.H_04,,FALSE,FALSE,,,,,,,,SP.2.04,,FALSE,FALSE,,,10M.1.AHL.TZ1.H_4,,FALSE,FALSE,,4,10M.1.AHL.TZ2.H_4,4.8,FALSE,FALSE,,,10N.1.AHL.TZ0.H_4,,FALSE,FALSE,,,10M.2.AHL.TZ1.H_4,,FALSE,FALSE,,,10M.2.AHL.TZ2.H_4,,FALSE,FALSE,,,10N.2.AHL.TZ0.H_4,,FALSE,FALSE,,,11M.1.AHL.TZ1.H_4,,FALSE,FALSE,,6,11M.1.AHL.TZ2.H_3,4.14,FALSE,FALSE,,,11N.1.AHL.TZ0.H_4,,FALSE,FALSE,,,11M.2.AHL.TZ1.H_4,,FALSE,FALSE,,,11M.2.AHL.TZ2.H_4,,FALSE,FALSE,,,11N.2.AHL.TZ0.H_4,,,,7,12M.1.AHL.TZ1.H_3,1.14,TRUE,FALSE,,5,12M.1.AHL.TZ2.H_4,1.9,FALSE,FALSE,,,12N.1.AHL.TZ0.H_4,,,,,12M.2.AHL.TZ1.H_4,,,,,12M.2.AHL.TZ2.H_4,count princ,FALSE,FALSE,,6,12N.2.AHL.TZ0.H_4,stats,FALSE,FALSE,,5,13M.1.AHL.TZ1.H_4,4.14,FALSE,FALSE,,5,13M.1.AHL.TZ2.H_4,4.6,FALSE,FALSE,,,13N.1.AHL.TZ0.H_4,matrix,FALSE,FALSE,,,13M.2.AHL.TZ1.H_4,5,FALSE,FALSE,,,13M.2.AHL.TZ2.H_4,5,FALSE,FALSE,,,13N.2.AHL.TZ0.H_4,norm dist,FALSE,FALSE,,6,14M.1.AHL.TZ1.H_4,2.12,FALSE,FALSE,,5,14M.1.AHL.TZ2.H_2,1.7,FALSE,FALSE,,7,14N.1.AHL.TZ0.H_4,4.6,FALSE,FALSE,,,14M.2.AHL.TZ1.H_4,sys eq,FALSE,FALSE,,6,14M.2.AHL.TZ2.H_4,3.4,TRUE,FALSE,,,14N.2.AHL.TZ0.H_4,5.14 (rate),FALSE,FALSE,,5,15M.1.AHL.TZ1.H_4,5.12 (FP),FALSE,FALSE,,7,15M.1.AHL.TZ2.H_4,5.7,FALSE,FALSE,,6,15N.1.AHL.TZ0.H_4,5,FALSE,FALSE,,6,15M.2.AHL.TZ1.H_4,3.5,TRUE,FALSE,,7,15M.2.AHL.TZ2.H_4,4,FALSE,FALSE,,3,15N.2.AHL.TZ0.H_3b,4.14.7,,,,5,16M.1.AHL.TZ1.H_4,4.6,FALSE,FALSE,,6,16M.1.AHL.TZ2.H_4,5.3,FALSE,FALSE,,5,16N.1.AHL.TZ0.H_4,3.17,FALSE,FALSE,,5,16M.2.AHL.TZ1.H_3,5.9,FALSE,FALSE,,6,16M.2.AHL.TZ2.H_4,1.8,FALSE,TRUE,,5,16N.2.AHL.TZ0.H_4,1.9,FALSE,FALSE,,5,17M.1.AHL.TZ1.H_4,"1.10, 4.5,",,FALSE,FALSE,,7,17M.1.AHL.TZ2.H_4,5.9,FALSE,FALSE,,6,17N.1.AHL.TZ0.H_3,2.12,FALSE,FALSE,,6,17M.2.AHL.TZ1.H_4,5.11,FALSE,FALSE,,9,17M.2.AHL.TZ2.H_4,"2.15, 3.2",FALSE,FALSE,,6,17N.2.AHL.TZ0.H_4,4.12,FALSE,FALSE,,6,18M.1.AHL.TZ1.H_4,5.11,FALSE,TRUE,,6,18M.1.AHL.TZ2.H_3,4.7,FALSE,FALSE,,1,18N.1.AHL.TZ0.H_3b,2.5.2,,,,2,18M.2.AHL.TZ1.H_4a,4.9,FALSE,FALSE,,8,18M.2.AHL.TZ2.H_4,3.4,FALSE,FALSE,,8,18N.2.AHL.TZ0.H_3,4.9,FALSE,FALSE,,7,19M.1.AHL.TZ1.H_4,3.5,TRUE,FALSE,,5,19M.1.AHL.TZ2.H_3,2.11,FALSE,TRUE,,7,19N.1.AHL.TZ0.H_4,3.10,FALSE,FALSE,,1,19M.2.AHL.TZ1.H_4a,2.3,FALSE,TRUE,,3,19M.2.AHL.TZ2.H_3a,4.5,FALSE,FALSE,,7,19N.2.AHL.TZ0.H_4,3.4,FALSE,FALSE,,5,20N.1.AHL.TZ0.H_4,1.13,TRUE,FALSE,,6,20N.2.AHL.TZ0.H_4,1.9,FALSE,FALSE,,8,21M.1.AHL.TZ1.H_9,1.10,FALSE,FALSE,,7,21M.1.AHL.TZ2.H_9,5.16 (Isub),FALSE,FALSE,,7,21N.1.AHL.TZ0.H_8,5.18 (IF),FALSE,FALSE,,7,21M.2.AHL.TZ1.H_9,5.14.2,FALSE,FALSE,,8,21M.2.AHL.TZ2.H_9,5.19,FALSE,FALSE,,6,21N.2.AHL.TZ0.H_7,4.14,FALSE,FALSE,,,,,,,,,,,,,,,,,,,,4,EXN.1.AHL.TZ0.2c,5.11,,,,5,EXN.1.AHL.TZ0.10,5.13,FALSE,FALSE,,4,EXN.2.AHL.TZ0.7b,1.10,,,,1,EXM.3.AHL.TZ0.1d,,,,,8,SPM.1.AHL.TZ0.H_9,5.6,FALSE,FALSE,,7,SPM.2.AHL.TZ0.H_8,1.12,TRUE,FALSE,,,,,,,,6,22M.1.AHL.TZ1.H_8,1.15 (con),FALSE,FALSE,,2,22M.1.AHL.TZ2.H_3d,2.15,,,,10,22N.1.AHL.TZ0.H_9,5.18 (hom),FALSE,TRUE,,2,22M.2.AHL.TZ1.H_7b,3.12,,,,4,22M.2.AHL.TZ2.H_9,1.10,FALSE,TRUE,,6,22N.2.AHL.TZ0.H_8,5.14.2,FALSE,FALSE,,,,,,,,4,22M.3.AHL.TZ2.H_1d,5.14.1,,,,,,,,,,,23M.1.AHL.TZ1.H_8,2.11,FALSE,FALSE,,,,3.6,,,,6,23N.1.AHL.TZ0.H_4,3.2,FALSE,FALSE,,,,,,,,3,23M.2.AHL.TZ2.H_6a,3.18,FALSE,FALSE,,,,,FALSE,FALSE,,,,,,,,,,,,,,,,,,,,,24M.1.AHL.TZ1.H_9,2.16,FALSE,FALSE,,1,24M.1.AHL.TZ2.H_7a,2.12,FALSE,FALSE,,,24N.1.AHL.TZ0.H_4,,FALSE,FALSE,,,,4.8,,,,8,24M.2.AHL.TZ2.H_9,"2.13, 5.6",FALSE,TRUE,,,24N.2.AHL.TZ0.H_4,,FALSE,FALSE,,,,,,,,,,,,,,,,,,
,,99M.1.AHL.TZ1.H_5,,,,,99N.1.AHL.TZ0.H_5,,,,5,96M.2.AHL.TZ0.H_1ie,,,,,,99N.2.AHL.TZ0.H_5,,,,,99M.1.AHL.TZ1.H_5,,,,,99N.1.AHL.TZ0.H_5,,,,,99M.2.AHL.TZ1.H_5,,,,,99N.2.AHL.TZ0.H_5,,,,,99M.1.AHL.TZ1.H_5,,,,,99N.1.AHL.TZ0.H_5,,,,,99M.2.AHL.TZ1.H_5,,,,,99N.2.AHL.TZ0.H_5,,,,,99M.1.AHL.TZ1.H_5,,,,,99N.1.AHL.TZ0.H_5,,,,,99M.2.AHL.TZ1.H_5,,,,,99N.2.AHL.TZ0.H_5,,,,,00M.1.AHL.TZ1.H_5,,,,,00N.1.AHL.TZ0.H_5,,,,,00M.2.AHL.TZ1.H_5,,,,,00N.2.AHL.TZ0.H_5,,,,,01M.1.AHL.TZ1.H_5,,,,,01N.1.AHL.TZ0.H_5,,,,,01M.2.AHL.TZ1.H_5,,,,,01N.2.AHL.TZ0.H_5,,,,,02M.1.AHL.TZ1.H_5,,,,,02N.1.AHL.TZ0.H_5,,,,,02M.2.AHL.TZ1.H_5,,,,,02N.2.AHL.TZ0.H_5,,,,,03M.1.AHL.TZ1.H_5,,,,,03N.1.AHL.TZ0.H_5,,,,,03M.2.AHL.TZ1.H_5,,,,,03N.2.AHL.TZ0.H_5,,,,,04M.1.AHL.TZ1.H_5,,,,,04N.1.AHL.TZ0.H_5,,,,,04M.2.AHL.TZ1.H_5,,,,,04N.2.AHL.TZ0.H_5,,,,,05M.1.AHL.TZ1.H_5,,,,,05N.1.AHL.TZ0.H_5,,,,,05M.2.AHL.TZ1.H_5,,,,,05N.2.AHL.TZ0.H_5,,,,,06M.1.AHL.TZ1.H_5,,,,,06N.1.AHL.TZ0.H_5,,,,19,06M.2.AHL.TZ1.H_4b,4.8,,,,,,,,,07M.1.AHL.TZ1.H_5,,FALSE,FALSE,,,07M.1.AHL.TZ2.H_5,,FALSE,FALSE,,,07N.1.AHL.TZ0.H_5,,FALSE,FALSE,,,07M.2.AHL.TZ1.H_5,,FALSE,FALSE,,,07M.1.AHL.TZ2.H_5,,FALSE,FALSE,,,07N.1.AHL.TZ0.H_5,,FALSE,FALSE,,,08M.1.AHL.TZ1.H_5,,FALSE,FALSE,,,08M.1.AHL.TZ2.H_5,,FALSE,FALSE,,,08N.1.AHL.TZ0.H_5,,FALSE,FALSE,,,08M.2.AHL.TZ1.H_5,,FALSE,FALSE,,,08M.2.AHL.TZ2.H_05,,FALSE,FALSE,,,08N.2.AHL.TZ0.H_5,,FALSE,FALSE,,,09M.1.AHL.TZ1.H_5,,FALSE,FALSE,,3,09M.1.AHL.TZ2.H_5a,5.14.1,FALSE,TRUE,,,09N.1.AHL.TZ0.H_5,,FALSE,FALSE,,,09M.2.AHL.TZ1.H_5,3,FALSE,FALSE,,5,09M.2.AHL.TZ2.H_5,,FALSE,FALSE,,,09N.2.AHL.TZ0.H_05,,FALSE,FALSE,,,,,,,,SP.2.05,,FALSE,FALSE,,,10M.1.AHL.TZ1.H_5,,FALSE,FALSE,,,10M.1.AHL.TZ2.H_5,,FALSE,FALSE,,5,10N.1.AHL.TZ0.H_5,4.3,FALSE,FALSE,,,10M.2.AHL.TZ1.H_5,,FALSE,FALSE,,,10M.2.AHL.TZ2.H_5,,FALSE,FALSE,,,10N.2.AHL.TZ0.H_5,,FALSE,FALSE,,,11M.1.AHL.TZ1.H_5,,FALSE,FALSE,,6,11M.1.AHL.TZ2.H_4,1.13,TRUE,FALSE,,,11N.1.AHL.TZ0.H_5,,FALSE,FALSE,,5,11M.2.AHL.TZ1.H_5,1.9,FALSE,FALSE,,,11M.2.AHL.TZ2.H_5,,FALSE,FALSE,,,11N.2.AHL.TZ0.H_5,,,,6,12M.1.AHL.TZ1.H_4,2.5.2,FALSE,FALSE,,,12M.1.AHL.TZ2.H_5,matrices,FALSE,FALSE,,,12N.1.AHL.TZ0.H_5,,,,,12M.2.AHL.TZ1.H_5,,,,,12M.2.AHL.TZ2.H_5,poisson,FALSE,FALSE,,6,12N.2.AHL.TZ0.H_5,1.3,FALSE,FALSE,,6,13M.1.AHL.TZ1.H_5,calc,FALSE,FALSE,,7,13M.1.AHL.TZ2.H_5,calc,FALSE,FALSE,,,13N.1.AHL.TZ0.H_5,impl diff,FALSE,FALSE,,,13M.2.AHL.TZ1.H_5,3,FALSE,FALSE,,6,13M.2.AHL.TZ2.H_5,1.3,FALSE,FALSE,,,13N.2.AHL.TZ0.H_5,prob,FALSE,FALSE,,2,14M.1.AHL.TZ1.H_5a,3.6,FALSE,FALSE,,5,14M.1.AHL.TZ2.H_3,1.16,FALSE,FALSE,,6,14N.1.AHL.TZ0.H_5,5.8,FALSE,FALSE,,,14M.2.AHL.TZ1.H_5,5.17 (vol),FALSE,FALSE,,6,14M.2.AHL.TZ2.H_5,1.9,FALSE,FALSE,,,14N.2.AHL.TZ0.H_5,vectors,FALSE,FALSE,,6,15M.1.AHL.TZ1.H_5,3.11,FALSE,FALSE,,6,15M.1.AHL.TZ2.H_5,5.16 (parts),FALSE,TRUE,,4,15N.1.AHL.TZ0.H_5,5,FALSE,FALSE,,5,15M.2.AHL.TZ1.H_5,5,FALSE,FALSE,,7,15M.2.AHL.TZ2.H_5,3.17,FALSE,FALSE,,3,15N.2.AHL.TZ0.H_4a,3.7,FALSE,FALSE,,8,16M.1.AHL.TZ1.H_5,3.10,TRUE,FALSE,,8,16M.1.AHL.TZ2.H_5,"4.8, 5.8",FALSE,FALSE,,6,16N.1.AHL.TZ0.H_5,2.12,FALSE,FALSE,,6,16M.2.AHL.TZ1.H_4,3.4,FALSE,FALSE,,6,16M.2.AHL.TZ2.H_5,2.5,FALSE,FALSE,,9,16N.2.AHL.TZ0.H_5,3.11,FALSE,FALSE,,7,17M.1.AHL.TZ1.H_5,3.16,,FALSE,TRUE,,4,17M.1.AHL.TZ2.H_5,1.12,TRUE,FALSE,,4,17N.1.AHL.TZ0.H_4,1.9,FALSE,FALSE,,6,17M.2.AHL.TZ1.H_5,AI,FALSE,FALSE,,5,17M.2.AHL.TZ2.H_5,4.6,FALSE,TRUE,,6,17N.2.AHL.TZ0.H_5,3.3,TRUE,FALSE,,6,18M.1.AHL.TZ1.H_5,2.15,FALSE,FALSE,,6,18M.1.AHL.TZ2.H_4,5.6.5,FALSE,FALSE,,3,18N.1.AHL.TZ0.H_3c,3.7,,,,3,18M.2.AHL.TZ1.H_4b,4.8,,,,3,18M.2.AHL.TZ2.H_5a,1.9,FALSE,FALSE,,5,18N.2.AHL.TZ0.H_4,1.9,FALSE,FALSE,,6,19M.1.AHL.TZ1.H_5,5.14.2,FALSE,TRUE,,5,19M.1.AHL.TZ2.H_4,5.16 (Isub),FALSE,FALSE,,7,19N.1.AHL.TZ0.H_5,1.14,FALSE,FALSE,,4,19M.2.AHL.TZ1.H_4b,3.9,,,,2,19M.2.AHL.TZ2.H_3b,4.6,,,,6,19N.2.AHL.TZ0.H_5,1.9,FALSE,FALSE,,5,20N.1.AHL.TZ0.H_5,1.7,FALSE,FALSE,,7,20N.2.AHL.TZ0.H_5,4.8,FALSE,FALSE,,4,21M.1.AHL.TZ1.H_11a,3.14,FALSE,TRUE,,6,21M.1.AHL.TZ2.H_11a,5.18 (IF),FALSE,FALSE,,7,21N.1.AHL.TZ0.H_9,1.10,FALSE,FALSE,,2,21M.2.AHL.TZ1.H_11a,2.8,FALSE,FALSE,,6,21M.2.AHL.TZ2.H_11a,5.17.3,FALSE,FALSE,,8,21N.2.AHL.TZ0.H_8,5.14.1,FALSE,FALSE,,,,,,,,,,,,,,,,,,,,6,EXN.1.AHL.TZ0.3a,1.11,FALSE,FALSE,,4,EXN.1.AHL.TZ0.11a,2.4,TRUE,FALSE,,1,EXN.2.AHL.TZ0.7c,1.10,,,,3,EXM.3.AHL.TZ0.1e,,,,,5,SPM.1.AHL.TZ0.H_11a,1.13,TRUE,FALSE,,5,SPM.2.AHL.TZ0.H_9,2.15,FALSE,FALSE,,,,,,,,3,22M.1.AHL.TZ1.H_9a,1.12,TRUE,FALSE,,8,22M.1.AHL.TZ2.H_6,5.6,FALSE,FALSE,,5,22N.1.AHL.TZ0.H_10a,3.8,FALSE,FALSE,,5,22M.2.AHL.TZ1.H_7c,3.13,,,,3,22M.2.AHL.TZ2.H_10a,3.7,FALSE,TRUE,,8,22N.2.AHL.TZ0.H_9,3.2,TRUE,FALSE,,,,,,,,7,22M.3.AHL.TZ2.H_1e,5.14.1,,,,,,,,,,,,2.15,,,,,,3.8,,,,6,23N.1.AHL.TZ0.H_5,1.9,FALSE,FALSE,,,,,,,,5,23M.2.AHL.TZ2.H_6b,3.14,,,,,,,FALSE,FALSE,,,,,,,,,,,,,,,,,,,,,,2.14,FALSE,FALSE,,3,24M.1.AHL.TZ2.H_7b,1.13,,,,,24N.1.AHL.TZ0.H_5,,FALSE,FALSE,,,,4.6,,,,2,24M.2.AHL.TZ2.H_10a,4.14,FALSE,TRUE,,,24N.2.AHL.TZ0.H_5,,FALSE,FALSE,,,,,,,,,,,,,,,,,,
,,99M.1.AHL.TZ1.H_6,,,,,99N.1.AHL.TZ0.H_6,,,,,,,,,,,99N.2.AHL.TZ0.H_6,,,,,99M.1.AHL.TZ1.H_6,,,,,99N.1.AHL.TZ0.H_6,,,,,99M.2.AHL.TZ1.H_6,,,,,99N.2.AHL.TZ0.H_6,,,,,99M.1.AHL.TZ1.H_6,,,,,99N.1.AHL.TZ0.H_6,,,,,99M.2.AHL.TZ1.H_6,,,,,99N.2.AHL.TZ0.H_6,,,,,99M.1.AHL.TZ1.H_6,,,,,99N.1.AHL.TZ0.H_6,,,,,99M.2.AHL.TZ1.H_6,,,,,99N.2.AHL.TZ0.H_6,,,,,00M.1.AHL.TZ1.H_6,,,,,00N.1.AHL.TZ0.H_6,,,,,00M.2.AHL.TZ1.H_6,,,,,00N.2.AHL.TZ0.H_6,,,,,01M.1.AHL.TZ1.H_6,,,,,01N.1.AHL.TZ0.H_6,,,,,01M.2.AHL.TZ1.H_6,,,,,01N.2.AHL.TZ0.H_6,,,,,02M.1.AHL.TZ1.H_6,,,,,02N.1.AHL.TZ0.H_6,,,,,02M.2.AHL.TZ1.H_6,,,,,02N.2.AHL.TZ0.H_6,,,,,03M.1.AHL.TZ1.H_6,,,,,03N.1.AHL.TZ0.H_6,,,,,03M.2.AHL.TZ1.H_6,,,,,03N.2.AHL.TZ0.H_6,,,,,04M.1.AHL.TZ1.H_6,,,,,04N.1.AHL.TZ0.H_6,,,,,04M.2.AHL.TZ1.H_6,,,,,04N.2.AHL.TZ0.H_6,,,,,05M.1.AHL.TZ1.H_6,,,,,05N.1.AHL.TZ0.H_6,,,,,05M.2.AHL.TZ1.H_6,,,,,05N.2.AHL.TZ0.H_6,,,,,06M.1.AHL.TZ1.H_6,,,,,06N.1.AHL.TZ0.H_6,,,,24,06M.2.AHL.TZ1.H_5,,,,,,,,,,07M.1.AHL.TZ1.H_6,,FALSE,FALSE,,6,07M.1.AHL.TZ2.H_6,3.16,FALSE,FALSE,,,07N.1.AHL.TZ0.H_6,,FALSE,FALSE,,,07M.2.AHL.TZ1.H_6,,FALSE,FALSE,,,07M.1.AHL.TZ2.H_6,,FALSE,FALSE,,,07N.1.AHL.TZ0.H_6,,FALSE,FALSE,,,08M.1.AHL.TZ1.H_6,,FALSE,FALSE,,,08M.1.AHL.TZ2.H_6,,FALSE,FALSE,,,08N.1.AHL.TZ0.H_6,,FALSE,FALSE,,,08M.2.AHL.TZ1.H_6,,FALSE,FALSE,,,08M.2.AHL.TZ2.H_06,,FALSE,FALSE,,,08N.2.AHL.TZ0.H_6,,FALSE,FALSE,,,09M.1.AHL.TZ1.H_6,,FALSE,FALSE,,1,09M.1.AHL.TZ2.H_5b,5.14.1,,,,,09N.1.AHL.TZ0.H_6,,FALSE,FALSE,,,09M.2.AHL.TZ1.H_6,5,FALSE,FALSE,,6,09M.2.AHL.TZ2.H_6,,FALSE,FALSE,,,09N.2.AHL.TZ0.H_06,,FALSE,FALSE,,,,,,,6,SP.2.06,4.5,FALSE,FALSE,,,10M.1.AHL.TZ1.H_6,,FALSE,FALSE,,,10M.1.AHL.TZ2.H_6,,FALSE,FALSE,,5,10N.1.AHL.TZ0.H_6,1.8,TRUE,TRUE,,,10M.2.AHL.TZ1.H_6,,FALSE,FALSE,,,10M.2.AHL.TZ2.H_6,,FALSE,FALSE,,,10N.2.AHL.TZ0.H_6,,FALSE,FALSE,,,11M.1.AHL.TZ1.H_6,,FALSE,FALSE,,6,11M.1.AHL.TZ2.H_5,x*f(x),FALSE,FALSE,,,11N.1.AHL.TZ0.H_6,,FALSE,FALSE,,,11M.2.AHL.TZ1.H_6,,FALSE,FALSE,,,11M.2.AHL.TZ2.H_6,,FALSE,FALSE,,,11N.2.AHL.TZ0.H_6,,,,2,12M.1.AHL.TZ1.H_5a,3.9,FALSE,FALSE,,,12M.1.AHL.TZ2.H_6,complex,FALSE,FALSE,,,12N.1.AHL.TZ0.H_6,,,,,12M.2.AHL.TZ1.H_6,,,,,12M.2.AHL.TZ2.H_6,5,FALSE,FALSE,,6,12N.2.AHL.TZ0.H_6,5.9,FALSE,FALSE,,6,13M.1.AHL.TZ1.H_6,matrices,FALSE,FALSE,,7,13M.1.AHL.TZ2.H_6,1.8,FALSE,FALSE,,7,13N.1.AHL.TZ0.H_6,1.15 (ind),TRUE,FALSE,,,13M.2.AHL.TZ1.H_6,complex,FALSE,FALSE,,,13M.2.AHL.TZ2.H_6,3,FALSE,FALSE,,6,13N.2.AHL.TZ0.H_6,1.13,TRUE,FALSE,,2,14M.1.AHL.TZ1.H_5b,3.6,,,,6,14M.1.AHL.TZ2.H_4,2.12,FALSE,FALSE,,6,14N.1.AHL.TZ0.H_6,5.16 (Isub),FALSE,FALSE,,,14M.2.AHL.TZ1.H_6,5,FALSE,FALSE,,,14M.2.AHL.TZ2.H_6,stats,FALSE,FALSE,,,14N.2.AHL.TZ0.H_6,2.12,FALSE,FALSE,,7,15M.1.AHL.TZ1.H_6,5.8,FALSE,FALSE,,8,15M.1.AHL.TZ2.H_6,5.8,FALSE,FALSE,,7,15N.1.AHL.TZ0.H_6,4.6,FALSE,FALSE,,4,15M.2.AHL.TZ1.H_6,5.6 (exp),TRUE,FALSE,,6,15M.2.AHL.TZ2.H_6,5,FALSE,FALSE,,3,15N.2.AHL.TZ0.H_4b,3.8,,,,4,16M.1.AHL.TZ1.H_6,1.7,FALSE,FALSE,,8,16M.1.AHL.TZ2.H_6,1.9,FALSE,TRUE,,1,16N.1.AHL.TZ0.H_6a,1.2,FALSE,TRUE,,7,16M.2.AHL.TZ1.H_5,2.13,FALSE,FALSE,,8,16M.2.AHL.TZ2.H_6,AI,FALSE,FALSE,,6,16N.2.AHL.TZ0.H_6,5.14.2,FALSE,FALSE,,5,17M.1.AHL.TZ1.H_6,2.16.1,sketch,FALSE,FALSE,,7,17M.1.AHL.TZ2.H_6,5.16 (Isub),FALSE,FALSE,,5,17N.1.AHL.TZ0.H_5,5.9,FALSE,FALSE,,6,17M.2.AHL.TZ1.H_6,3.7,FALSE,FALSE,,5,17M.2.AHL.TZ2.H_6,1.7,TRUE,FALSE,,6,17N.2.AHL.TZ0.H_6,AI,FALSE,FALSE,,7,18M.1.AHL.TZ1.H_6,1.15 (ind),FALSE,FALSE,,7,18M.1.AHL.TZ2.H_5,1.8,FALSE,FALSE,,7,18N.1.AHL.TZ0.H_4,1.16,FALSE,FALSE,,2,18M.2.AHL.TZ1.H_5a,1.11,FALSE,FALSE,,3,18M.2.AHL.TZ2.H_5b,2.15,,,,5,18N.2.AHL.TZ0.H_5,5.12 (FP),FALSE,FALSE,,7,19M.1.AHL.TZ1.H_6,4.9,FALSE,FALSE,,5,19M.1.AHL.TZ2.H_5a,2.8,FALSE,FALSE,,7,19N.1.AHL.TZ0.H_6,1.15 (ind),FALSE,TRUE,,6,19M.2.AHL.TZ1.H_5,5.16,FALSE,FALSE,,3,19M.2.AHL.TZ2.H_3c,4.13,,,,6,19N.2.AHL.TZ0.H_6,1.14,FALSE,FALSE,,4,20N.1.AHL.TZ0.H_6,3.6,FALSE,FALSE,,7,20N.2.AHL.TZ0.H_6,5.7,FALSE,FALSE,,8,21M.1.AHL.TZ1.H_11b,3.15,,,,2,21M.1.AHL.TZ2.H_11bi,5.8,,,,7,21N.1.AHL.TZ0.H_10a,5.9,FALSE,FALSE,,3,21M.2.AHL.TZ1.H_11b,5.6,,,,2,21M.2.AHL.TZ2.H_11b,3.1,,,,15,21N.2.AHL.TZ0.H_9,3.7,FALSE,FALSE,,,,,,,,,,,,,,,,,,,,3,EXN.1.AHL.TZ0.3b,5.2,,,,4,EXN.1.AHL.TZ0.11b,5.15.4,,,,6,EXN.2.AHL.TZ0.8,1.15 (con),FALSE,TRUE,,2,EXM.3.AHL.TZ0.1f,,,,,5,SPM.1.AHL.TZ0.H_11b,1.14,,,,2,SPM.2.AHL.TZ0.H_11a,5.18 (IF),FALSE,FALSE,,,,,,,,3,22M.1.AHL.TZ1.H_9b,1.13,,,,6,22M.1.AHL.TZ2.H_7,5.16 (Dsub),FALSE,FALSE,,7,22N.1.AHL.TZ0.H_10b,5.6,,,,1,22M.2.AHL.TZ1.H_8a,2.12,FALSE,TRUE,,3,22M.2.AHL.TZ2.H_10b,2.10,,,,3,22N.2.AHL.TZ0.H_11a,5.6,FALSE,FALSE,,,,,,,,4,22M.3.AHL.TZ2.H_1f,,,,,,,,,,,,23M.1.AHL.TZ1.H_9,5.17 (vol),FALSE,FALSE,,9,23M.1.AHL.TZ2.H_9,3.13,FALSE,TRUE,,7,23N.1.AHL.TZ0.H_6,1.15 (ind),FALSE,FALSE,,,,,,,,5,23M.2.AHL.TZ2.H_7,5.17 (vol),FALSE,FALSE,,,,,FALSE,FALSE,,,,,,,,,,,,,,,,,,,,,,5.11,FALSE,FALSE,,3,24M.1.AHL.TZ2.H_7c,1.12,,,,,24N.1.AHL.TZ0.H_6,,FALSE,FALSE,,7,24M.2.AHL.TZ1.H_7,5.18 (IF),FALSE,TRUE,,2,24M.2.AHL.TZ2.H_10b,4.14,,,,,24N.2.AHL.TZ0.H_6,,FALSE,FALSE,,,,,,,,,,,,,,,,,,
,,99M.1.AHL.TZ1.H_7,,,,,99N.1.AHL.TZ0.H_7,,,,,,,,,,,99N.2.AHL.TZ0.H_7,,,,,99M.1.AHL.TZ1.H_7,,,,,99N.1.AHL.TZ0.H_7,,,,,99M.2.AHL.TZ1.H_7,,,,,99N.2.AHL.TZ0.H_7,,,,,99M.1.AHL.TZ1.H_7,,,,,99N.1.AHL.TZ0.H_7,,,,,99M.2.AHL.TZ1.H_7,,,,,99N.2.AHL.TZ0.H_7,,,,,99M.1.AHL.TZ1.H_7,,,,,99N.1.AHL.TZ0.H_7,,,,,99M.2.AHL.TZ1.H_7,,,,,99N.2.AHL.TZ0.H_7,,,,,00M.1.AHL.TZ1.H_7,,,,,00N.1.AHL.TZ0.H_7,,,,,00M.2.AHL.TZ1.H_7,,,,,00N.2.AHL.TZ0.H_7,,,,,01M.1.AHL.TZ1.H_7,,,,,01N.1.AHL.TZ0.H_7,,,,,01M.2.AHL.TZ1.H_7,,,,,01N.2.AHL.TZ0.H_7,,,,,02M.1.AHL.TZ1.H_7,,,,,02N.1.AHL.TZ0.H_7,,,,,02M.2.AHL.TZ1.H_7,,,,,02N.2.AHL.TZ0.H_7,,,,,03M.1.AHL.TZ1.H_7,,,,,03N.1.AHL.TZ0.H_7,,,,,03M.2.AHL.TZ1.H_7,,,,,03N.2.AHL.TZ0.H_7,,,,,04M.1.AHL.TZ1.H_7,,,,,04N.1.AHL.TZ0.H_7,,,,,04M.2.AHL.TZ1.H_7,,,,,04N.2.AHL.TZ0.H_7,,,,,05M.1.AHL.TZ1.H_7,,,,,05N.1.AHL.TZ0.H_7,,,,,05M.2.AHL.TZ1.H_7,,,,,05N.2.AHL.TZ0.H_7,,,,,06M.1.AHL.TZ1.H_7,,,,,06N.1.AHL.TZ0.H_7,,,,,,,,,,,,,,6,07M.1.AHL.TZ1.H_7,1.14,FALSE,FALSE,,,07M.1.AHL.TZ2.H_7,,FALSE,FALSE,,,07N.1.AHL.TZ0.H_7,,FALSE,FALSE,,,07M.2.AHL.TZ1.H_7,,FALSE,FALSE,,,07M.1.AHL.TZ2.H_7,,FALSE,FALSE,,,07N.1.AHL.TZ0.H_7,,FALSE,FALSE,,,08M.1.AHL.TZ1.H_7,,FALSE,FALSE,,,08M.1.AHL.TZ2.H_7,,FALSE,FALSE,,,08N.1.AHL.TZ0.H_7,,FALSE,FALSE,,,08M.2.AHL.TZ1.H_7,,FALSE,FALSE,,6,08M.2.AHL.TZ2.H_07,4.8,FALSE,FALSE,,,08N.2.AHL.TZ0.H_7,,FALSE,FALSE,,,09M.1.AHL.TZ1.H_7,,FALSE,FALSE,,4,09M.1.AHL.TZ2.H_5c,5.17,,,,,09N.1.AHL.TZ0.H_7,,FALSE,FALSE,,,09M.2.AHL.TZ1.H_7,3,FALSE,FALSE,,8,09M.2.AHL.TZ2.H_7,5.3,FALSE,FALSE,,,09N.2.AHL.TZ0.H_07,,FALSE,FALSE,,,,,,,,SP.2.07,,FALSE,FALSE,,,10M.1.AHL.TZ1.H_7,,FALSE,FALSE,,,10M.1.AHL.TZ2.H_7,,FALSE,FALSE,,,10N.1.AHL.TZ0.H_7,,FALSE,FALSE,,,10M.2.AHL.TZ1.H_7,,FALSE,FALSE,,,10M.2.AHL.TZ2.H_7,,FALSE,FALSE,,,10N.2.AHL.TZ0.H_7,,FALSE,FALSE,,,11M.1.AHL.TZ1.H_7,,FALSE,FALSE,,2,11M.1.AHL.TZ2.H_6a,3.12,TRUE,TRUE,,,11N.1.AHL.TZ0.H_7,,FALSE,FALSE,,,11M.2.AHL.TZ1.H_7,,FALSE,FALSE,,,11M.2.AHL.TZ2.H_7,,FALSE,FALSE,,,11N.2.AHL.TZ0.H_7,,,,5,12M.1.AHL.TZ1.H_5b,3.6,FALSE,,,,12M.1.AHL.TZ2.H_7,,FALSE,FALSE,,,12N.1.AHL.TZ0.H_7,,,,,12M.2.AHL.TZ1.H_7,,,,,12M.2.AHL.TZ2.H_7,cont var,FALSE,FALSE,,8,12N.2.AHL.TZ0.H_7,prob,FALSE,FALSE,,7,13M.1.AHL.TZ1.H_7,5.14.1,FALSE,FALSE,,7,13M.1.AHL.TZ2.H_7,1.12,TRUE,FALSE,,7,13N.1.AHL.TZ0.H_7,1.3,FALSE,FALSE,,,13M.2.AHL.TZ1.H_7,3,FALSE,FALSE,,,13M.2.AHL.TZ2.H_7,prob dist,FALSE,FALSE,,,13N.2.AHL.TZ0.H_7,vector,FALSE,FALSE,,4,14M.1.AHL.TZ1.H_5c,5.11,,,,5,14M.1.AHL.TZ2.H_5,3.11,FALSE,FALSE,,6,14N.1.AHL.TZ0.H_7,5.6,FALSE,FALSE,,8,14M.2.AHL.TZ1.H_7,1.15 (ind),FALSE,FALSE,,4,14M.2.AHL.TZ2.H_7a,2.4,FALSE,TRUE,,9,14N.2.AHL.TZ0.H_7,1.3,FALSE,FALSE,,5,15M.1.AHL.TZ1.H_7,2.12,FALSE,TRUE,,9,15M.1.AHL.TZ2.H_7,1.14,FALSE,FALSE,,8,15N.1.AHL.TZ0.H_7,5.14.1,FALSE,FALSE,,7,15M.2.AHL.TZ1.H_7,4,FALSE,FALSE,,9,15M.2.AHL.TZ2.H_7,1.16,FALSE,FALSE,,6,15N.2.AHL.TZ0.H_5,5.17,FALSE,FALSE,,3,16M.1.AHL.TZ1.H_7a,2.16.1,FALSE,FALSE,,6,16M.1.AHL.TZ2.H_7,4.6,FALSE,FALSE,,2,16N.1.AHL.TZ0.H_6b,1.2,,,,6,16M.2.AHL.TZ1.H_6,4.12,FALSE,FALSE,,8,16M.2.AHL.TZ2.H_7,5.14.1,FALSE,FALSE,,8,16N.2.AHL.TZ0.H_7,3.5,FALSE,FALSE,,7,17M.1.AHL.TZ1.H_7,1.3,determine,TRUE,TRUE,,7,17M.1.AHL.TZ2.H_7,AI,FALSE,FALSE,,9,17N.1.AHL.TZ0.H_6,2.8,FALSE,FALSE,,6,17M.2.AHL.TZ1.H_7,3.17,FALSE,FALSE,,5,17M.2.AHL.TZ2.H_7,2.7,FALSE,FALSE,,5,17N.2.AHL.TZ0.H_7,2.7,FALSE,FALSE,,2,18M.1.AHL.TZ1.H_7a,5.15.3,FALSE,FALSE,,7,18M.1.AHL.TZ2.H_6,5.16 (parts),FALSE,FALSE,,6,18N.1.AHL.TZ0.H_5,3.13,FALSE,TRUE,,5,18M.2.AHL.TZ1.H_5b,5.15 (int),,,,7,18M.2.AHL.TZ2.H_6,1.15 (ind),FALSE,FALSE,,6,18N.2.AHL.TZ0.H_6,2.12,FALSE,FALSE,,9,19M.1.AHL.TZ1.H_7,5.14.1,FALSE,FALSE,,3,19M.1.AHL.TZ2.H_5b,2.15,,,,2,19N.1.AHL.TZ0.H_7a,2.7,TRUE,FALSE,,7,19M.2.AHL.TZ1.H_6,1.12,TRUE,FALSE,,2,19M.2.AHL.TZ2.H_4a,2.3,FALSE,FALSE,,6,19N.2.AHL.TZ0.H_7,4.9,FALSE,FALSE,,5,20N.1.AHL.TZ0.H_7,1.13,TRUE,FALSE,,7,20N.2.AHL.TZ0.H_7,1.10.3,FALSE,FALSE,,7,21M.1.AHL.TZ1.H_11c,3.15,,,,4,21M.1.AHL.TZ2.H_11bii,5.18 (?),,,,4,21N.1.AHL.TZ0.H_10b,2.3,,,,2,21M.2.AHL.TZ1.H_11c,5.7,,,,4,21M.2.AHL.TZ2.H_11c,3.1,,,,3,21N.2.AHL.TZ0.H_10a,2.3.1,FALSE,FALSE,,,,,,,,,,,,,,,,,,,,4,EXN.1.AHL.TZ0.3c,5.15.5,,,,4,EXN.1.AHL.TZ0.11c,5.15.4,,,,6,EXN.2.AHL.TZ0.9,4.6,FALSE,FALSE,,2,EXM.3.AHL.TZ0.1g,,,,,4,SPM.1.AHL.TZ0.H_11c,1.14,,,,8,SPM.2.AHL.TZ0.H_11b,5.18 (IF),,,,,,,,,,2,22M.1.AHL.TZ1.H_10ai,1.2,FALSE,FALSE,,6,22M.1.AHL.TZ2.H_8,4.14,FALSE,FALSE,,3,22N.1.AHL.TZ0.H_10c,2.4,,,,3,22M.2.AHL.TZ1.H_8b,2.7,,,,3,22M.2.AHL.TZ2.H_10c,1.6,,,,3,22N.2.AHL.TZ0.H_11b,5.4,,,,,,,,,,5,22M.3.AHL.TZ2.H_1g,,,,,,,,,,,,23M.1.AHL.TZ1.H_11,3.9,FALSE,FALSE,,,23M.1.AHL.TZ2.H_11a,1.13,FALSE,FALSE,,5,23N.1.AHL.TZ0.H_7,1.12,TRUE,FALSE,,,,,,,,4,23M.2.AHL.TZ2.H_8b,2.13;2.10,FALSE,FALSE,,,,,FALSE,FALSE,,,,,,,,,,,,,,,,,,,,,24M.1.AHL.TZ1.H_11,2.12,FALSE,FALSE,,6,24M.1.AHL.TZ2.H_8,5.13,FALSE,FALSE,,,24N.1.AHL.TZ0.H_7,,FALSE,FALSE,,6,24M.2.AHL.TZ1.H_8,4.14,FALSE,FALSE,,3,24M.2.AHL.TZ2.H_10c,4.14,,,,,24N.2.AHL.TZ0.H_7,,FALSE,FALSE,,,,,,,,,,,,,,,,,,
,,,,,,,,,,,,,,,,,,,,,,,,,,,,,,,,,,,,,,,,,,,,,,,,,,,,,,,,,,,,,,,,,,,,,,,,,,,,,,,,,,,,,,,,,,,,,,,,,,,,,,,,,,,,,,,,,,,,,,,,,,,,,,,,,,,,,,,,,,,,,,,,,,,,,,,,,,,,,,,,,,,,,,,,,,,,,,,,,,,,,,,,,,,,,,,,,,,,,,,,,,,,,,,,,,,,,,,,,,,,,,,,,FALSE,FALSE,,,,,FALSE,FALSE,,,,,FALSE,FALSE,,,,,FALSE,FALSE,,,,,FALSE,FALSE,,,,,FALSE,FALSE,,,,,FALSE,FALSE,,,,,FALSE,FALSE,,,,,FALSE,FALSE,,,,,FALSE,FALSE,,,,,FALSE,FALSE,,,,,FALSE,FALSE,,,,,FALSE,FALSE,,,,,FALSE,FALSE,,,,,FALSE,FALSE,,,,,FALSE,FALSE,,,,,FALSE,FALSE,,,,,FALSE,FALSE,,,,,,,,,,FALSE,FALSE,,,,,FALSE,FALSE,,,,,FALSE,FALSE,,,,,FALSE,FALSE,,,,,FALSE,FALSE,,,,,FALSE,FALSE,,,,,FALSE,FALSE,,,,,FALSE,FALSE,,3,11M.1.AHL.TZ2.H_6b,3.13,,,,,,,FALSE,FALSE,,,,,FALSE,FALSE,,,,,FALSE,FALSE,,,,,,,,,,FALSE,FALSE,,,,,FALSE,FALSE,,,,,,,,,,,,,,,FALSE,FALSE,,7,12N.2.AHL.TZ0.H_8,5,FALSE,FALSE,,,,,FALSE,FALSE,,,,,FALSE,FALSE,,,,,FALSE,FALSE,,,,,FALSE,FALSE,,,,,FALSE,FALSE,,,,,FALSE,FALSE,,,,,FALSE,FALSE,,,,,FALSE,FALSE,,,,,FALSE,FALSE,,,,,FALSE,FALSE,,,,,,,,,,,FALSE,FALSE,,,,,FALSE,FALSE,,,,,FALSE,FALSE,,,,,FALSE,FALSE,,,,,FALSE,FALSE,,,,,FALSE,FALSE,,,,,FALSE,FALSE,,,,,,,,,,,FALSE,FALSE,,,,,,,,,,,FALSE,FALSE,,,,,FALSE,FALSE,,,,,FALSE,FALSE,,,,,,FALSE,FALSE,,,,,FALSE,FALSE,,,,,FALSE,FALSE,,,,,FALSE,FALSE,,,,,FALSE,FALSE,,,,,FALSE,FALSE,,,,,,,,,,,FALSE,FALSE,,,,,,,,,,,FALSE,FALSE,,,,,FALSE,FALSE,,,,,FALSE,FALSE,,,,,FALSE,FALSE,,,,,FALSE,FALSE,,5,19N.1.AHL.TZ0.H_7b,5.15.4,,,,,,,FALSE,FALSE,,,,,,,,,,,FALSE,FALSE,,,,,FALSE,FALSE,,,,,FALSE,FALSE,,,,,FALSE,FALSE,,,,,,,,,,,,,,,,,,,,,,,,,,,,,,,,,,,,,,,,,,,,,,,,,,,,,FALSE,FALSE,,2,EXN.1.AHL.TZ0.11d,5.3,,,,,,,FALSE,FALSE,,,,,,,,,,,,,,,,,,,,,,,,,,,,,,,,,,,FALSE,FALSE,,,,,,,,,,,FALSE,FALSE,,6,22M.2.AHL.TZ2.H_10d,5.2,,,,,,,,,,,,,,,,,,,,,,,,,,,,,,,,,,,,,,,,9,23N.1.AHL.TZ0.H_8,5.17,FALSE,FALSE,,,,,,,,3,23M.2.AHL.TZ2.H_8a,2.16,,,,,,,FALSE,FALSE,,,,,,,,,,,,,,,,,,,,,,,,,,,,,FALSE,FALSE,,,,,FALSE,FALSE,,,,,FALSE,FALSE,,3,24M.2.AHL.TZ2.H_10d,4.14,,,,,,,FALSE,FALSE,,,,,,,,,,,,,,,,,,
,,99M.1.AHL.TZ1.H_8,,,,,99N.1.AHL.TZ0.H_8,,,,,,,,,,,99N.2.AHL.TZ0.H_8,,,,,99M.1.AHL.TZ1.H_8,,,,,99N.1.AHL.TZ0.H_8,,,,,99M.2.AHL.TZ1.H_8,,,,,99N.2.AHL.TZ0.H_8,,,,,99M.1.AHL.TZ1.H_8,,,,,99N.1.AHL.TZ0.H_8,,,,,99M.2.AHL.TZ1.H_8,,,,,99N.2.AHL.TZ0.H_8,,,,,99M.1.AHL.TZ1.H_8,,,,,99N.1.AHL.TZ0.H_8,,,,,99M.2.AHL.TZ1.H_8,,,,,99N.2.AHL.TZ0.H_8,,,,,00M.1.AHL.TZ1.H_8,,,,,00N.1.AHL.TZ0.H_8,,,,,00M.2.AHL.TZ1.H_8,,,,,00N.2.AHL.TZ0.H_8,,,,,01M.1.AHL.TZ1.H_8,,,,,01N.1.AHL.TZ0.H_8,,,,,01M.2.AHL.TZ1.H_8,,,,,01N.2.AHL.TZ0.H_8,,,,,02M.1.AHL.TZ1.H_8,,,,,02N.1.AHL.TZ0.H_8,,,,,02M.2.AHL.TZ1.H_8,,,,,02N.2.AHL.TZ0.H_8,,,,,03M.1.AHL.TZ1.H_8,,,,,03N.1.AHL.TZ0.H_8,,,,,03M.2.AHL.TZ1.H_8,,,,,03N.2.AHL.TZ0.H_8,,,,,04M.1.AHL.TZ1.H_8,,,,,04N.1.AHL.TZ0.H_8,,,,,04M.2.AHL.TZ1.H_8,,,,,04N.2.AHL.TZ0.H_8,,,,,05M.1.AHL.TZ1.H_8,,,,,05N.1.AHL.TZ0.H_8,,,,,05M.2.AHL.TZ1.H_8,,,,,05N.2.AHL.TZ0.H_8,,,,,06M.1.AHL.TZ1.H_8,,,,,06N.1.AHL.TZ0.H_8,,,,,,,,,,,,,,,07M.1.AHL.TZ1.H_8,,FALSE,FALSE,,,07M.1.AHL.TZ2.H_8,,FALSE,FALSE,,,07N.1.AHL.TZ0.H_8,,FALSE,FALSE,,,07M.2.AHL.TZ1.H_8,,FALSE,FALSE,,,07M.1.AHL.TZ2.H_8,,FALSE,FALSE,,,07N.1.AHL.TZ0.H_8,,FALSE,FALSE,,,08M.1.AHL.TZ1.H_8,,FALSE,FALSE,,,08M.1.AHL.TZ2.H_8,,FALSE,FALSE,,,08N.1.AHL.TZ0.H_8,,FALSE,FALSE,,,08M.2.AHL.TZ1.H_8,,FALSE,FALSE,,,08M.2.AHL.TZ2.H_08,,FALSE,FALSE,,,08N.2.AHL.TZ0.H_8,,FALSE,FALSE,,,09M.1.AHL.TZ1.H_8,,FALSE,FALSE,,6,09M.1.AHL.TZ2.H_6,AI,FALSE,FALSE,,,09N.1.AHL.TZ0.H_8,,FALSE,FALSE,,,09M.2.AHL.TZ1.H_8,5,FALSE,FALSE,,5,09M.2.AHL.TZ2.H_8,,FALSE,FALSE,,,09N.2.AHL.TZ0.H_08,,FALSE,FALSE,,,,,,,,SP.2.08,,FALSE,FALSE,,,10M.1.AHL.TZ1.H_8,,FALSE,FALSE,,,10M.1.AHL.TZ2.H_8,,FALSE,FALSE,,,10N.1.AHL.TZ0.H_8,,FALSE,FALSE,,,10M.2.AHL.TZ1.H_8,,FALSE,FALSE,,,10M.2.AHL.TZ2.H_8,,FALSE,FALSE,,,10N.2.AHL.TZ0.H_8,,FALSE,FALSE,,,11M.1.AHL.TZ1.H_8,,FALSE,FALSE,,5,11M.1.AHL.TZ2.H_7,3.3,TRUE,FALSE,,,11N.1.AHL.TZ0.H_8,,FALSE,FALSE,,,11M.2.AHL.TZ1.H_8,,FALSE,FALSE,,,11M.2.AHL.TZ2.H_8,,FALSE,FALSE,,,11N.2.AHL.TZ0.H_8,,,,8,12M.1.AHL.TZ1.H_6,5.11,TRUE,FALSE,,,12M.1.AHL.TZ2.H_8,implicit diff,FALSE,FALSE,,,12N.1.AHL.TZ0.H_8,,,,,12M.2.AHL.TZ1.H_8,,,,8,12M.2.AHL.TZ2.H_8,1.8,FALSE,FALSE,,7,12N.2.AHL.TZ0.H_9,5,FALSE,FALSE,,6,13M.1.AHL.TZ1.H_8,1.7,FALSE,FALSE,,6,13M.1.AHL.TZ2.H_8,5.14.1,FALSE,FALSE,,4,13N.1.AHL.TZ0.H_8a,3.6,FALSE,TRUE,,,13M.2.AHL.TZ1.H_8,count princ,FALSE,FALSE,,7,13M.2.AHL.TZ2.H_8,1.15.3,FALSE,FALSE,,,13N.2.AHL.TZ0.H_8,3,FALSE,FALSE,,6,14M.1.AHL.TZ1.H_6,5.11,FALSE,FALSE,,2,14M.1.AHL.TZ2.H_6a,3.12,TRUE,FALSE,,7,14N.1.AHL.TZ0.H_8,2.15,FALSE,FALSE,,,14M.2.AHL.TZ1.H_8,prob,FALSE,FALSE,,4,14M.2.AHL.TZ2.H_7b,2.5,,,,,14N.2.AHL.TZ0.H_8,5.9,FALSE,FALSE,,7,15M.1.AHL.TZ1.H_8,5.16,FALSE,FALSE,,8,15M.1.AHL.TZ2.H_8,5.16,FALSE,FALSE,,8,15N.1.AHL.TZ0.H_8,5.6,FALSE,FALSE,,8,15M.2.AHL.TZ1.H_8,3.13,FALSE,FALSE,,10,15M.2.AHL.TZ2.H_8,3.9,FALSE,FALSE,,6,15N.2.AHL.TZ0.H_6,4.13,FALSE,FALSE,,5,16M.1.AHL.TZ1.H_7b,2.15,,,,8,16M.1.AHL.TZ2.H_8,1.15 (div),FALSE,FALSE,,4,16N.1.AHL.TZ0.H_6c,1.6,,,,8,16M.2.AHL.TZ1.H_7,?,FALSE,FALSE,,6,16M.2.AHL.TZ2.H_8,"5.9, 5.14.2,",FALSE,FALSE,,8,16N.2.AHL.TZ0.H_8,4.12,FALSE,FALSE,,6,17M.1.AHL.TZ1.H_8,1.15 div,,FALSE,FALSE,,9,17M.1.AHL.TZ2.H_8,1.15.3,FALSE,FALSE,,8,17N.1.AHL.TZ0.H_7,5.14.1,FALSE,FALSE,,7,17M.2.AHL.TZ1.H_8,5.14.2,FALSE,FALSE,,6,17M.2.AHL.TZ2.H_8,1.10,FALSE,FALSE,,7,17N.2.AHL.TZ0.H_8,5.16 (Isub),FALSE,FALSE,,7,18M.1.AHL.TZ1.H_7b,5.16 (parts),,,,6,18M.1.AHL.TZ2.H_7,1.12,TRUE,FALSE,,6,18N.1.AHL.TZ0.H_6,1.15.3,FALSE,FALSE,,5,18M.2.AHL.TZ1.H_6,AI (Poisson),FALSE,FALSE,,5,18M.2.AHL.TZ2.H_7,5.9,FALSE,FALSE,,6,18N.2.AHL.TZ0.H_7,3.4,FALSE,FALSE,,9,19M.1.AHL.TZ1.H_8,5.17,FALSE,FALSE,,5,19M.1.AHL.TZ2.H_6a,5.14.1,FALSE,FALSE,,6,19N.1.AHL.TZ0.H_8,3.18,FALSE,FALSE,,7,19M.2.AHL.TZ1.H_7,5.17.4,FALSE,FALSE,,4,19M.2.AHL.TZ2.H_4b,2.10,,,,8,19N.2.AHL.TZ0.H_8,1.10.2,FALSE,FALSE,,7,20N.1.AHL.TZ0.H_8,3.9,FALSE,FALSE,,3,20N.2.AHL.TZ0.H_8a,5.6,FALSE,FALSE,,3,21M.1.AHL.TZ1.H_12a,5.6,FALSE,FALSE,,2,21M.1.AHL.TZ2.H_11c,2.10,,,,5,21N.1.AHL.TZ0.H_10c,5.9,,,,5,21M.2.AHL.TZ1.H_11d,2.8,,,,4,21M.2.AHL.TZ2.H_11di,5.7,,,,1,21N.2.AHL.TZ0.H_10b,2.13,,,,,,,,,,,,,,,,,,,,,,3,EXN.1.AHL.TZ0.4a,2.13,TRUE,FALSE,,7,EXN.1.AHL.TZ0.11e,5.7,,,,2,EXN.2.AHL.TZ0.11a,3.12,FALSE,FALSE,,6,EXM.3.AHL.TZ0.1h,,,,,4,SPM.1.AHL.TZ0.H_11d,1.14,,,,5,SPM.2.AHL.TZ0.H_11c,2.3,,,,,,,,,,2,22M.1.AHL.TZ1.H_10aii,1.8,,,,5,22M.1.AHL.TZ2.H_9,1.15 (con),FALSE,FALSE,,4,22N.1.AHL.TZ0.H_10d,2.15,,,,7,22M.2.AHL.TZ1.H_9,1.10,FALSE,FALSE,,2,22M.2.AHL.TZ2.H_11a,3.14,FALSE,TRUE,,4,22N.2.AHL.TZ0.H_11c,5.17 (vol),,,,,,,,,,3,22M.3.AHL.TZ2.H_2a,1.0,,,,,,,,,,,,5.4,,,,,23M.1.AHL.TZ2.H_11b,1.13,,,,2,23N.1.AHL.TZ0.H_9a,2.14?,FALSE,FALSE,,,,,,,,5,23M.2.AHL.TZ2.H_9,1.10 (com),FALSE,FALSE,,,23N.2.AHL.TZ0.H_8,,FALSE,FALSE,,,,,,,,,,,,,,,,,,,,,,2.12,,,,7,24M.1.AHL.TZ2.H_9,1.10 (bin),FALSE,FALSE,,,24N.1.AHL.TZ0.H_8,,FALSE,FALSE,,7,24M.2.AHL.TZ1.H_9,1.10,FALSE,FALSE,,5,24M.2.AHL.TZ2.H_10e,4.14,,,,6,24N.2.AHL.TZ0.H_8,1.13,TRUE,FALSE,,,,,,,,,,,,,,,,,,
,,99M.1.AHL.TZ1.H_9,,,,,99N.1.AHL.TZ0.H_9,,,,,,,,,,,99N.2.AHL.TZ0.H_9,,,,,99M.1.AHL.TZ1.H_9,,,,,99N.1.AHL.TZ0.H_9,,,,,99M.2.AHL.TZ1.H_9,,,,,99N.2.AHL.TZ0.H_9,,,,,99M.1.AHL.TZ1.H_9,,,,,99N.1.AHL.TZ0.H_9,,,,,99M.2.AHL.TZ1.H_9,,,,,99N.2.AHL.TZ0.H_9,,,,,99M.1.AHL.TZ1.H_9,,,,,99N.1.AHL.TZ0.H_9,,,,,99M.2.AHL.TZ1.H_9,,,,,99N.2.AHL.TZ0.H_9,,,,,00M.1.AHL.TZ1.H_9,,,,,00N.1.AHL.TZ0.H_9,,,,,00M.2.AHL.TZ1.H_9,,,,,00N.2.AHL.TZ0.H_9,,,,,01M.1.AHL.TZ1.H_9,,,,,01N.1.AHL.TZ0.H_9,,,,,01M.2.AHL.TZ1.H_9,,,,,01N.2.AHL.TZ0.H_9,,,,,02M.1.AHL.TZ1.H_9,,,,,02N.1.AHL.TZ0.H_9,,,,,02M.2.AHL.TZ1.H_9,,,,,02N.2.AHL.TZ0.H_9,,,,,03M.1.AHL.TZ1.H_9,,,,,03N.1.AHL.TZ0.H_9,,,,,03M.2.AHL.TZ1.H_9,,,,,03N.2.AHL.TZ0.H_9,,,,,04M.1.AHL.TZ1.H_9,,,,,04N.1.AHL.TZ0.H_9,,,,,04M.2.AHL.TZ1.H_9,,,,,04N.2.AHL.TZ0.H_9,,,,,05M.1.AHL.TZ1.H_9,,,,,05N.1.AHL.TZ0.H_9,,,,,05M.2.AHL.TZ1.H_9,,,,,05N.2.AHL.TZ0.H_9,,,,,06M.1.AHL.TZ1.H_9,,,,,06N.1.AHL.TZ0.H_9,,,,,,,,,,,,,,,07M.1.AHL.TZ1.H_9,,FALSE,FALSE,,,07M.1.AHL.TZ2.H_9,,FALSE,FALSE,,,07N.1.AHL.TZ0.H_9,,FALSE,FALSE,,,07M.2.AHL.TZ1.H_9,,FALSE,FALSE,,,07M.1.AHL.TZ2.H_9,,FALSE,FALSE,,,07N.1.AHL.TZ0.H_9,,FALSE,FALSE,,,08M.1.AHL.TZ1.H_9,,FALSE,FALSE,,,08M.1.AHL.TZ2.H_9,,FALSE,FALSE,,,08N.1.AHL.TZ0.H_9,,FALSE,FALSE,,,08M.2.AHL.TZ1.H_9,,FALSE,FALSE,,,08M.2.AHL.TZ2.H_09,,FALSE,FALSE,,,08N.2.AHL.TZ0.H_9,,FALSE,FALSE,,,09M.1.AHL.TZ1.H_9,,FALSE,FALSE,,8,09M.1.AHL.TZ2.H_7,1.14,FALSE,FALSE,,,09N.1.AHL.TZ0.H_9,,FALSE,FALSE,,,09M.2.AHL.TZ1.H_9,5,FALSE,FALSE,,8,09M.2.AHL.TZ2.H_9,,FALSE,FALSE,,,09N.2.AHL.TZ0.H_09,,FALSE,FALSE,,,,,,,,SP.2.09,,FALSE,FALSE,,,10M.1.AHL.TZ1.H_9,,FALSE,FALSE,,,10M.1.AHL.TZ2.H_9,,FALSE,FALSE,,,10N.1.AHL.TZ0.H_9,,FALSE,FALSE,,,10M.2.AHL.TZ1.H_9,,FALSE,FALSE,,,10M.2.AHL.TZ2.H_9,,FALSE,FALSE,,,10N.2.AHL.TZ0.H_9,,FALSE,FALSE,,,11M.1.AHL.TZ1.H_9,,FALSE,FALSE,,6,11M.1.AHL.TZ2.H_8,2.5.2,FALSE,FALSE,,,11N.1.AHL.TZ0.H_9,,FALSE,FALSE,,6,11M.2.AHL.TZ1.H_9,2.10,FALSE,TRUE,,,11M.2.AHL.TZ2.H_9,,FALSE,FALSE,,,11N.2.AHL.TZ0.H_9,,,,6,12M.1.AHL.TZ1.H_7,1.12,TRUE,FALSE,,6,12M.1.AHL.TZ2.H_9,3.10,FALSE,FALSE,,,12N.1.AHL.TZ0.H_9,,,,,12M.2.AHL.TZ1.H_9,,,,,12M.2.AHL.TZ2.H_9,,FALSE,FALSE,,,12N.2.AHL.TZ0.H_10,complex,FALSE,FALSE,,6,13M.1.AHL.TZ1.H_9,4.6,FALSE,FALSE,,7,13M.1.AHL.TZ2.H_9,2.9,FALSE,FALSE,,2,13N.1.AHL.TZ0.H_8b,3.7,,,,,13M.2.AHL.TZ1.H_9,2,FALSE,FALSE,,,13M.2.AHL.TZ2.H_9,poisson,FALSE,FALSE,,,13N.2.AHL.TZ0.H_9,vector,FALSE,FALSE,,5,14M.1.AHL.TZ1.H_7,3.2,FALSE,TRUE,,4,14M.1.AHL.TZ2.H_6b,3.13,,,,6,14N.1.AHL.TZ0.H_9,4.14,FALSE,FALSE,,,14M.2.AHL.TZ1.H_9,poisson,FALSE,FALSE,,,14M.2.AHL.TZ2.H_8,poisson,FALSE,FALSE,,,14N.2.AHL.TZ0.H_9,5,FALSE,FALSE,,9,15M.1.AHL.TZ1.H_9,3.11,FALSE,FALSE,,8,15M.1.AHL.TZ2.H_9,2.9,FALSE,FALSE,,7,15N.1.AHL.TZ0.H_9,3.8,FALSE,FALSE,,7,15M.2.AHL.TZ1.H_9,5,FALSE,FALSE,,6,15M.2.AHL.TZ2.H_9,4,FALSE,FALSE,,6,15N.2.AHL.TZ0.H_7,3.5,TRUE,FALSE,,5,16M.1.AHL.TZ1.H_8,3.13,FALSE,FALSE,,8,16M.1.AHL.TZ2.H_9,3.8,FALSE,FALSE,,5,16N.1.AHL.TZ0.H_7,1.7,FALSE,FALSE,,5,16M.2.AHL.TZ1.H_8,2.12,FALSE,FALSE,,8,16M.2.AHL.TZ2.H_9,3.13,FALSE,FALSE,,8,16N.2.AHL.TZ0.H_9,3.4,FALSE,FALSE,,5,17M.1.AHL.TZ1.H_9,5.16,,FALSE,FALSE,,2,17M.1.AHL.TZ2.H_9ai,2.4,FALSE,FALSE,,7,17N.1.AHL.TZ0.H_8,1.14,FALSE,FALSE,,8,17M.2.AHL.TZ1.H_9,4.9,FALSE,FALSE,,22,17M.2.AHL.TZ2.H_9,3.18,FALSE,TRUE,,6,17N.2.AHL.TZ0.H_9,1.10,FALSE,FALSE,,5,18M.1.AHL.TZ1.H_8,3.8,FALSE,FALSE,,7,18M.1.AHL.TZ2.H_8,5.16 (Isub),FALSE,FALSE,,6,18N.1.AHL.TZ0.H_7,5.14.1,FALSE,FALSE,,8,18M.2.AHL.TZ1.H_7,1.3,FALSE,FALSE,,7,18M.2.AHL.TZ2.H_8,4.8,FALSE,FALSE,,8,18N.2.AHL.TZ0.H_8,2.13,FALSE,TRUE,,2,19M.1.AHL.TZ1.H_9a,3.6,FALSE,FALSE,,2,19M.1.AHL.TZ2.H_6b,5.4,,,,1,19N.1.AHL.TZ0.H_9a,3.4,TRUE,FALSE,,2,19M.2.AHL.TZ1.H_8a,2.15,FALSE,FALSE,,4,19M.2.AHL.TZ2.H_5a,3.10,FALSE,FALSE,,4,19N.2.AHL.TZ0.H_9ai,2.4,FALSE,FALSE,,8,20N.1.AHL.TZ0.H_9,5.15.3,FALSE,FALSE,,3,20N.2.AHL.TZ0.H_8b,5.14.2,,,,9,21M.1.AHL.TZ1.H_12b,1.15.3,,,,2,21M.1.AHL.TZ2.H_11d,5.9,,,,7,21N.1.AHL.TZ0.H_11a,1.15.3,FALSE,FALSE,,4,21M.2.AHL.TZ1.H_11e,2.8,,,,2,21M.2.AHL.TZ2.H_11dii,3.1,,,,4,21N.2.AHL.TZ0.H_10c,2.13,,,,,,,,,,,,,,,,,,,,,,2,EXN.1.AHL.TZ0.4b,2.13,,,,3,EXN.1.AHL.TZ0.12a,1.9,TRUE,FALSE,,3,EXN.2.AHL.TZ0.11b,3.13,,,,3,EXM.3.AHL.TZ0.1i,,,,,8,SPM.1.AHL.TZ0.H_12a,5.19,FALSE,FALSE,,2,SPM.2.AHL.TZ0.H_11d,5.8,,,,,,,,,,2,22M.1.AHL.TZ1.H_10aiii,1.5,,,,6,22M.1.AHL.TZ2.H_11a,2.13,FALSE,FALSE,,4,22N.1.AHL.TZ0.H_11a,1.10.2,FALSE,FALSE,,2,22M.2.AHL.TZ1.H_10a,2.3,FALSE,FALSE,,2,22M.2.AHL.TZ2.H_11b,3.12,,,,5,22N.2.AHL.TZ0.H_11d,5.6,,,,,,,,,,,22M.3.AHL.TZ2.H_2a,,,,,,,,,,,,,5.7.3,,,,,23M.1.AHL.TZ2.H_11c,1.12,,,,6,23N.1.AHL.TZ0.H_9b,5.19?,,,,6,23M.2.AHL.TZ1.H_9,1.15.1,TRUE,TRUE,,2,23M.2.AHL.TZ2.H_10a,3.7,FALSE,FALSE,,,23N.2.AHL.TZ0.H_9,,FALSE,FALSE,,,,,,,,,,,,,,,,,,,,,,1.11,,,,1,24M.1.AHL.TZ2.H_11a,3.17,FALSE,TRUE,,,24N.1.AHL.TZ0.H_9,,FALSE,FALSE,,,24M.2.AHL.TZ1.H_11,5.14.1,FALSE,FALSE,,3,24M.2.AHL.TZ2.H_11a,3.3,FALSE,FALSE,,,24N.2.AHL.TZ0.H_9,,FALSE,FALSE,,,,,,,,,,,,,,,,,,
,,99M.1.AHL.TZ1.H_10,,,,,99N.1.AHL.TZ0.H_10,,,,,,,,,,,99N.2.AHL.TZ0.H_10,,,,,99M.1.AHL.TZ1.H_10,,,,,99N.1.AHL.TZ0.H_10,,,,,99M.2.AHL.TZ1.H_10,,,,,99N.2.AHL.TZ0.H_10,,,,,99M.1.AHL.TZ1.H_10,,,,,99N.1.AHL.TZ0.H_10,,,,,99M.2.AHL.TZ1.H_10,,,,,99N.2.AHL.TZ0.H_10,,,,,99M.1.AHL.TZ1.H_10,,,,,99N.1.AHL.TZ0.H_10,,,,,99M.2.AHL.TZ1.H_10,,,,,99N.2.AHL.TZ0.H_10,,,,,00M.1.AHL.TZ1.H_10,,,,,00N.1.AHL.TZ0.H_10,,,,,00M.2.AHL.TZ1.H_10,,,,,00N.2.AHL.TZ0.H_10,,,,,01M.1.AHL.TZ1.H_10,,,,,01N.1.AHL.TZ0.H_10,,,,,01M.2.AHL.TZ1.H_10,,,,,01N.2.AHL.TZ0.H_10,,,,,02M.1.AHL.TZ1.H_10,,,,,02N.1.AHL.TZ0.H_10,,,,,02M.2.AHL.TZ1.H_10,,,,,02N.2.AHL.TZ0.H_10,,,,,03M.1.AHL.TZ1.H_10,,,,,03N.1.AHL.TZ0.H_10,,,,,03M.2.AHL.TZ1.H_10,,,,,03N.2.AHL.TZ0.H_10,,,,,04M.1.AHL.TZ1.H_10,,,,,04N.1.AHL.TZ0.H_10,,,,,04M.2.AHL.TZ1.H_10,,,,,04N.2.AHL.TZ0.H_10,,,,,05M.1.AHL.TZ1.H_10,,,,,05N.1.AHL.TZ0.H_10,,,,,05M.2.AHL.TZ1.H_10,,,,,05N.2.AHL.TZ0.H_10,,,,,06M.1.AHL.TZ1.H_10,,,,,06N.1.AHL.TZ0.H_10,,,,,,,,,,,,,,6,07M.1.AHL.TZ1.H_10,3.13,TRUE,FALSE,,,07M.1.AHL.TZ2.H_10,,FALSE,FALSE,,,07N.1.AHL.TZ0.H_10,,FALSE,FALSE,,,07M.2.AHL.TZ1.H_10,,FALSE,FALSE,,,07M.1.AHL.TZ2.H_10,,FALSE,FALSE,,,07N.1.AHL.TZ0.H_10,,FALSE,FALSE,,,08M.1.AHL.TZ1.H_10,,FALSE,FALSE,,,08M.1.AHL.TZ2.H_10,,FALSE,FALSE,,,08N.1.AHL.TZ0.H_10,,FALSE,FALSE,,,08M.2.AHL.TZ1.H_10,,FALSE,FALSE,,,08M.2.AHL.TZ2.H_10,,FALSE,FALSE,,,08N.2.AHL.TZ0.H_10,,FALSE,FALSE,,,09M.1.AHL.TZ1.H_10,,FALSE,FALSE,,8,09M.1.AHL.TZ2.H_8,1.15.3,FALSE,FALSE,,,09N.1.AHL.TZ0.H_10,,FALSE,FALSE,,,09M.2.AHL.TZ1.H_10,,FALSE,FALSE,,7,09M.2.AHL.TZ2.H_10,,FALSE,FALSE,,,09N.2.AHL.TZ0.H_10,,FALSE,FALSE,,,,,,,,SP.2.10,,FALSE,FALSE,,,10M.1.AHL.TZ1.H_10,,FALSE,FALSE,,,10M.1.AHL.TZ2.H_10,,FALSE,FALSE,,,10N.1.AHL.TZ0.H_10,,FALSE,FALSE,,,10M.2.AHL.TZ1.H_10,,FALSE,FALSE,,,10M.2.AHL.TZ2.H_10,,FALSE,FALSE,,,10N.2.AHL.TZ0.H_10,,FALSE,FALSE,,,11M.1.AHL.TZ1.H_10,,FALSE,FALSE,,7,11M.1.AHL.TZ2.H_9,4.6,FALSE,FALSE,,,11N.1.AHL.TZ0.H_10,,FALSE,FALSE,,,11M.2.AHL.TZ1.H_10,,FALSE,FALSE,,,11M.2.AHL.TZ2.H_10,,FALSE,FALSE,,,11N.2.AHL.TZ0.H_10,,,,5,12M.1.AHL.TZ1.H_8,1.7,FALSE,FALSE,,,12M.1.AHL.TZ2.H_10,,FALSE,FALSE,,,12N.1.AHL.TZ0.H_10,,,,,12M.2.AHL.TZ1.H_10,,,,,12M.2.AHL.TZ2.H_10,,FALSE,FALSE,,,12N.2.AHL.TZ0.H_11,poisso,FALSE,FALSE,,7,13M.1.AHL.TZ1.H_10,integrals,FALSE,FALSE,,6,13M.1.AHL.TZ2.H_10,3.10,FALSE,TRUE,,2,13N.1.AHL.TZ0.H_8c,3.7,,,,,13M.2.AHL.TZ1.H_10,poisson,FALSE,FALSE,,,13M.2.AHL.TZ2.H_10,5.9,FALSE,FALSE,,,13N.2.AHL.TZ0.H_10,5,FALSE,FALSE,,6,14M.1.AHL.TZ1.H_8,5.9,FALSE,TRUE,,4,14M.1.AHL.TZ2.H_7a,1.12,TRUE,FALSE,,7,14N.1.AHL.TZ0.H_10,1.10.3,FALSE,TRUE,,,14M.2.AHL.TZ1.H_10,5.6,FALSE,FALSE,,,14M.2.AHL.TZ2.H_9,5.14 (rate),FALSE,FALSE,,,14N.2.AHL.TZ0.H_10,5.8,FALSE,FALSE,,6,15M.1.AHL.TZ1.H_10,4.6,FALSE,FALSE,,17,15M.1.AHL.TZ2.H_10,2.15,FALSE,FALSE,,6,15N.1.AHL.TZ0.H_10,2.12,FALSE,FALSE,,10,15M.2.AHL.TZ1.H_10,2.16.2,TRUE,TRUE,,12,15M.2.AHL.TZ2.H_10,4,FALSE,FALSE,,6,15N.2.AHL.TZ0.H_8,4.14,FALSE,FALSE,,7,16M.1.AHL.TZ1.H_9,5.6,FALSE,FALSE,,18,16M.1.AHL.TZ2.H_10,3.18,FALSE,FALSE,,6,16N.1.AHL.TZ0.H_8,3.15,FALSE,FALSE,,7,16M.2.AHL.TZ1.H_9,1.14,FALSE,FALSE,,15,16M.2.AHL.TZ2.H_10,"4.14, 5.16,",FALSE,TRUE,,22,16N.2.AHL.TZ0.H_10,"2.13, 5.17,",FALSE,FALSE,,4,17M.1.AHL.TZ1.H_10a,4.14,,FALSE,TRUE,,4,17M.1.AHL.TZ2.H_9aii,2.16.2,,,,18,17N.1.AHL.TZ0.H_9,3.12,TRUE,FALSE,,2,17M.2.AHL.TZ1.H_10a,3.2,FALSE,FALSE,,15,17M.2.AHL.TZ2.H_10,4.14,FALSE,TRUE,,5,17N.2.AHL.TZ0.H_10ai,5.6,FALSE,FALSE,,5,18M.1.AHL.TZ1.H_9a,5.8,FALSE,FALSE,,4,18M.1.AHL.TZ2.H_9a,3.12,TRUE,TRUE,,7,18N.1.AHL.TZ0.H_8,1.14,FALSE,FALSE,,7,18M.2.AHL.TZ1.H_8,4.7,FALSE,FALSE,,13,18M.2.AHL.TZ2.H_9,Poi,FALSE,FALSE,,4,18N.2.AHL.TZ0.H_9a,5.6,FALSE,FALSE,,4,19M.1.AHL.TZ1.H_9b,3.9,,,,7,19M.1.AHL.TZ2.H_7,1.7,FALSE,FALSE,,3,19N.1.AHL.TZ0.H_9b,3.2,,,,7,19M.2.AHL.TZ1.H_8b,1.14,,,,2,19M.2.AHL.TZ2.H_5b,2.10,,,,1,19N.2.AHL.TZ0.H_9aii,3.7,,,,1,20N.1.AHL.TZ0.H_10ai,5.3,FALSE,FALSE,,2,20N.2.AHL.TZ0.H_9a,4.9,FALSE,FALSE,,8,21M.1.AHL.TZ1.H_12c,5.19,,,,3,21M.1.AHL.TZ2.H_11e,2.6,,,,3,21N.1.AHL.TZ0.H_11b,5.19,,,,4,21M.2.AHL.TZ1.H_11f,2.15,,,,1,21M.2.AHL.TZ2.H_12a,2.14,FALSE,FALSE,,3,21N.2.AHL.TZ0.H_10d,2.3,,,,,,,,,,,,,,,,,,,,,,3,EXN.1.AHL.TZ0.4c,5.11,,,,5,EXN.1.AHL.TZ0.12b,1.14,,,,3,EXN.2.AHL.TZ0.11c,3.17,,,,6,EXM.3.AHL.TZ0.1j,,,,,4,SPM.1.AHL.TZ0.H_12b,5.19,,,,4,SPM.2.AHL.TZ0.H_11e,5.11,,,,,,,,,,3,22M.1.AHL.TZ1.H_10bi,1.2,,,,7,22M.1.AHL.TZ2.H_11b,2.5.2,,,,6,22N.1.AHL.TZ0.H_11bi,2.12,,,,5,22M.2.AHL.TZ1.H_10b,2.5,,,,4,22M.2.AHL.TZ2.H_11c,3.14,,,,2,22N.2.AHL.TZ0.H_12a,3.12,FALSE,FALSE,,,,,,,,,22M.3.AHL.TZ2.H_2a,,,,,,,,,,,,,5.8,,,,,23M.1.AHL.TZ2.H_11d,1.12,,,,1,23N.1.AHL.TZ0.H_10,2.9?,FALSE,FALSE,,,,,,,,3,23M.2.AHL.TZ2.H_10b,3.7;2.11,FALSE,FALSE,,,,,FALSE,FALSE,,,,,,,,,,,,,,,,,,,,,,5.15.5,,,,5,24M.1.AHL.TZ2.H_11b,3.18,,,,,24N.1.AHL.TZ0.H_10,,FALSE,FALSE,,,,5.14.1,,,,1,24M.2.AHL.TZ2.H_11b,3.4,,,,,24N.2.AHL.TZ0.H_10,,FALSE,FALSE,,,,,,,,,,,,,,,,,,
,,99M.1.AHL.TZ1.H_11,,,,,99N.1.AHL.TZ0.H_11,,,,,,,,,,,99N.2.AHL.TZ0.H_11,,,,,99M.1.AHL.TZ1.H_11,,,,,99N.1.AHL.TZ0.H_11,,,,,99M.2.AHL.TZ1.H_11,,,,,99N.2.AHL.TZ0.H_11,,,,,99M.1.AHL.TZ1.H_11,,,,,99N.1.AHL.TZ0.H_11,,,,,99M.2.AHL.TZ1.H_11,,,,,99N.2.AHL.TZ0.H_11,,,,,99M.1.AHL.TZ1.H_11,,,,,99N.1.AHL.TZ0.H_11,,,,,99M.2.AHL.TZ1.H_11,,,,,99N.2.AHL.TZ0.H_11,,,,,00M.1.AHL.TZ1.H_11,,,,,00N.1.AHL.TZ0.H_11,,,,,00M.2.AHL.TZ1.H_11,,,,,00N.2.AHL.TZ0.H_11,,,,,01M.1.AHL.TZ1.H_11,,,,,01N.1.AHL.TZ0.H_11,,,,,01M.2.AHL.TZ1.H_11,,,,,01N.2.AHL.TZ0.H_11,,,,,02M.1.AHL.TZ1.H_11,,,,,02N.1.AHL.TZ0.H_11,,,,,02M.2.AHL.TZ1.H_11,,,,,02N.2.AHL.TZ0.H_11,,,,,03M.1.AHL.TZ1.H_11,,,,,03N.1.AHL.TZ0.H_11,,,,,03M.2.AHL.TZ1.H_11,,,,,03N.2.AHL.TZ0.H_11,,,,,04M.1.AHL.TZ1.H_11,,,,,04N.1.AHL.TZ0.H_11,,,,,04M.2.AHL.TZ1.H_11,,,,,04N.2.AHL.TZ0.H_11,,,,,05M.1.AHL.TZ1.H_11,,,,,05N.1.AHL.TZ0.H_11,,,,,05M.2.AHL.TZ1.H_11,,,,,05N.2.AHL.TZ0.H_11,,,,,06M.1.AHL.TZ1.H_11,,,,,06N.1.AHL.TZ0.H_11,,,,,,,,,,,,,,,07M.1.AHL.TZ1.H_11,,FALSE,FALSE,,6,07M.1.AHL.TZ2.H_11,2.12,FALSE,FALSE,,,07N.1.AHL.TZ0.H_11,,FALSE,FALSE,,,07M.2.AHL.TZ1.H_11,,FALSE,FALSE,,,07M.1.AHL.TZ2.H_11,,FALSE,FALSE,,,07N.1.AHL.TZ0.H_11,,FALSE,FALSE,,,08M.1.AHL.TZ1.H_11,,FALSE,FALSE,,,08M.1.AHL.TZ2.H_11,,FALSE,FALSE,,,08N.1.AHL.TZ0.H_11,,FALSE,FALSE,,,08M.2.AHL.TZ1.H_11,,FALSE,FALSE,,,08M.2.AHL.TZ2.H_11,,FALSE,FALSE,,11,08N.2.AHL.TZ0.H_11,4.9,FALSE,FALSE,,,,,FALSE,FALSE,,x,09M.1.AHL.TZ2.H_9,2.15,FALSE,FALSE,,21,09N.1.AHL.TZ0.H_11,1.15.3,FALSE,FALSE,,,09M.2.AHL.TZ1.H_11,3,FALSE,FALSE,,20,09M.2.AHL.TZ2.H_11,AI,FALSE,FALSE,,,09N.2.AHL.TZ0.H_11,,FALSE,FALSE,,,,,,,,SP.2.11,,FALSE,FALSE,,,10M.1.AHL.TZ1.H_11,,FALSE,FALSE,,10,10M.1.AHL.TZ2.H_11,1.15.3,FALSE,TRUE,,,10N.1.AHL.TZ0.H_11,,FALSE,FALSE,,,10M.2.AHL.TZ1.H_11,,FALSE,FALSE,,,10M.2.AHL.TZ2.H_11,,FALSE,FALSE,,,10N.2.AHL.TZ0.H_11,,FALSE,FALSE,,,11M.1.AHL.TZ1.H_11,,FALSE,FALSE,,8,11M.1.AHL.TZ2.H_10,1.3,FALSE,FALSE,,,11N.1.AHL.TZ0.H_11,,FALSE,FALSE,,,11M.2.AHL.TZ1.H_11,,FALSE,FALSE,,,11M.2.AHL.TZ2.H_11,,FALSE,FALSE,,,11N.2.AHL.TZ0.H_11,,,,9,12M.1.AHL.TZ1.H_9,5.14.1,TRUE,FALSE,,18,12M.1.AHL.TZ2.H_11,4.7,FALSE,FALSE,,,12N.1.AHL.TZ0.H_11,,,,,12M.2.AHL.TZ1.H_11,,,,,12M.2.AHL.TZ2.H_11,,FALSE,FALSE,,18,12N.2.AHL.TZ0.H_12,5,FALSE,TRUE,,2,13M.1.AHL.TZ1.H_11ai,3.10,FALSE,FALSE,,21,13M.1.AHL.TZ2.H_11,vector,FALSE,FALSE,,8,13N.1.AHL.TZ0.H_9,1.7,FALSE,FALSE,,,13M.2.AHL.TZ1.H_11,vector,FALSE,FALSE,,,13M.2.AHL.TZ2.H_11,rand dist,FALSE,FALSE,,,13N.2.AHL.TZ0.H_11,poisson,FALSE,FALSE,,9,14M.1.AHL.TZ1.H_9,5.14.1,FALSE,TRUE,,3,14M.1.AHL.TZ2.H_7b,1.13,,,,23,14N.1.AHL.TZ0.H_11,5.16 (parts),FALSE,FALSE,,,14M.2.AHL.TZ1.H_11,prob dens,FALSE,FALSE,,,14M.2.AHL.TZ2.H_10,impl diff,FALSE,FALSE,,,14N.2.AHL.TZ0.H_11,AI,FALSE,FALSE,,21,15M.1.AHL.TZ1.H_11,5.11,FALSE,FALSE,,16,15M.1.AHL.TZ2.H_11,5.17,FALSE,FALSE,,17,15N.1.AHL.TZ0.H_11,1.14,FALSE,FALSE,,20,15M.2.AHL.TZ1.H_11,4,FALSE,FALSE,,15,15M.2.AHL.TZ2.H_11,5,FALSE,FALSE,,8,15N.2.AHL.TZ0.H_9,5.9,FALSE,FALSE,,7,16M.1.AHL.TZ1.H_10,2.12,FALSE,FALSE,,19,16M.1.AHL.TZ2.H_11,5.17,FALSE,FALSE,,9,16N.1.AHL.TZ0.H_9,5.14.1,FALSE,TRUE,,8,16M.2.AHL.TZ1.H_10,AI,FALSE,FALSE,,22,16M.2.AHL.TZ2.H_11,5.8,FALSE,FALSE,,20,16N.2.AHL.TZ0.H_11,4.8,FALSE,FALSE,,3,17M.1.AHL.TZ1.H_10b,4.14,hence show,,,,2,17M.1.AHL.TZ2.H_9aiii,2.16.1,,,,11,17N.1.AHL.TZ0.H_10,4.8,FALSE,FALSE,,3,17M.2.AHL.TZ1.H_10b,3.5,,,,13,17M.2.AHL.TZ2.H_11,2.12,FALSE,FALSE,,2,17N.2.AHL.TZ0.H_10aii,5.2,,,,8,18M.1.AHL.TZ1.H_9b,5.7,,,,5,18M.1.AHL.TZ2.H_9b,3.12,,,,5,18N.1.AHL.TZ0.H_9a,3.18,FALSE,FALSE,,7,18M.2.AHL.TZ1.H_9a,5.14.1,FALSE,FALSE,,2,18M.2.AHL.TZ2.H_10ai,3.7,FALSE,FALSE,,4,18N.2.AHL.TZ0.H_9b,5.7,,,,9,19M.1.AHL.TZ1.H_9c,5.11,,,,4,19M.1.AHL.TZ2.H_8a,3.1,FALSE,FALSE,,7,19N.1.AHL.TZ0.H_9c,3.2,,,,4,19M.2.AHL.TZ1.H_9a,4.6,FALSE,FALSE,,6,19M.2.AHL.TZ2.H_6,5.9,FALSE,FALSE,,2,19N.2.AHL.TZ0.H_9bi,3.7,,,,3,20N.1.AHL.TZ0.H_10aii,2.7,,,,2,20N.2.AHL.TZ0.H_9b,4.9,,,,,,,,,,3,21M.1.AHL.TZ2.H_12a,2.11,FALSE,FALSE,,4,21N.1.AHL.TZ0.H_11c,5.13,,,,3,21M.2.AHL.TZ1.H_12a,1.11,FALSE,FALSE,,2,21M.2.AHL.TZ2.H_12b,3.9,,,,3,21N.2.AHL.TZ0.H_10ei,1.11,,,,,,,,,,,,,,,,,,,,,,4,EXN.1.AHL.TZ0.5a,2.3,FALSE,FALSE,,5,EXN.1.AHL.TZ0.12c,1.14,,,,5,EXN.2.AHL.TZ0.11d,3.18,,,,,EXM.3.AHL.TZ0.2,,FALSE,FALSE,,6,SPM.1.AHL.TZ0.H_12c,5.19,,,,1,SPM.2.AHL.TZ0.H_12a,3.10,FALSE,FALSE,,,,,,,,1,22M.1.AHL.TZ1.H_10bii,1.2,,,,7,22M.1.AHL.TZ2.H_11c,3.9,,,,2,22N.1.AHL.TZ0.H_11bii,2.12,,,,5,22M.2.AHL.TZ1.H_10c,5.17b,,,,7,22M.2.AHL.TZ2.H_11d,3.15,,,,1,22N.2.AHL.TZ0.H_12b,3.14,,,,,,,,,,,22M.3.AHL.TZ2.H_2a,,,,,,,,,,,,,3.3,,,,,23M.1.AHL.TZ2.H_12,5.16 (Isub),FALSE,FALSE,,,,1.7?,,,,,23M.2.AHL.TZ1.H_11,,FALSE,FALSE,,2,23M.2.AHL.TZ2.H_10c,3.7,,,,,23N.2.AHL.TZ0.H_11,,FALSE,FALSE,,,,,,,,,,,,,,,,,,,,,,2.13,,,,2,24M.1.AHL.TZ2.H_11c,3.17,,,,,24N.1.AHL.TZ0.H_11,,FALSE,FALSE,,,,2.3,,,,4,24M.2.AHL.TZ2.H_11c,3.4,,,,,24N.2.AHL.TZ0.H_11,,FALSE,FALSE,,,,,,,,,,,,,,,,,,
,,99M.1.AHL.TZ1.H_12,,,,,99N.1.AHL.TZ0.H_12,,,,,,,,,,,99N.2.AHL.TZ0.H_12,,,,,99M.1.AHL.TZ1.H_12,,,,,99N.1.AHL.TZ0.H_12,,,,,99M.2.AHL.TZ1.H_12,,,,,99N.2.AHL.TZ0.H_12,,,,,99M.1.AHL.TZ1.H_12,,,,,99N.1.AHL.TZ0.H_12,,,,,99M.2.AHL.TZ1.H_12,,,,,99N.2.AHL.TZ0.H_12,,,,,99M.1.AHL.TZ1.H_12,,,,,99N.1.AHL.TZ0.H_12,,,,,99M.2.AHL.TZ1.H_12,,,,,99N.2.AHL.TZ0.H_12,,,,,00M.1.AHL.TZ1.H_12,,,,,00N.1.AHL.TZ0.H_12,,,,,00M.2.AHL.TZ1.H_12,,,,,00N.2.AHL.TZ0.H_12,,,,,01M.1.AHL.TZ1.H_12,,,,,01N.1.AHL.TZ0.H_12,,,,,01M.2.AHL.TZ1.H_12,,,,,01N.2.AHL.TZ0.H_12,,,,,02M.1.AHL.TZ1.H_12,,,,,02N.1.AHL.TZ0.H_12,,,,,02M.2.AHL.TZ1.H_12,,,,,02N.2.AHL.TZ0.H_12,,,,,03M.1.AHL.TZ1.H_12,,,,,03N.1.AHL.TZ0.H_12,,,,,03M.2.AHL.TZ1.H_12,,,,,03N.2.AHL.TZ0.H_12,,,,,04M.1.AHL.TZ1.H_12,,,,,04N.1.AHL.TZ0.H_12,,,,,04M.2.AHL.TZ1.H_12,,,,,04N.2.AHL.TZ0.H_12,,,,,05M.1.AHL.TZ1.H_12,,,,,05N.1.AHL.TZ0.H_12,,,,,05M.2.AHL.TZ1.H_12,,,,,05N.2.AHL.TZ0.H_12,,,,,06M.1.AHL.TZ1.H_12,,,,,06N.1.AHL.TZ0.H_12,,,,,,,,,,,,,,,07M.1.AHL.TZ1.H_12,,FALSE,FALSE,,,07M.1.AHL.TZ2.H_12,,FALSE,FALSE,,,07N.1.AHL.TZ0.H_12,,FALSE,FALSE,,,07M.2.AHL.TZ1.H_12,,FALSE,FALSE,,,07M.1.AHL.TZ2.H_12,,FALSE,FALSE,,,07N.1.AHL.TZ0.H_12,,FALSE,FALSE,,,08M.1.AHL.TZ1.H_12,,FALSE,FALSE,,,,,,,,,08N.1.AHL.TZ0.H_12,,FALSE,FALSE,,1,08M.2.AHL.TZ1.H_12a,1.6,TRUE,FALSE,,,08M.2.AHL.TZ2.H_12,,FALSE,FALSE,,,08N.2.AHL.TZ0.H_12,,FALSE,FALSE,,,,,FALSE,FALSE,,,09M.1.AHL.TZ2.H_10,,FALSE,FALSE,,,09N.1.AHL.TZ0.H_12,,FALSE,FALSE,,,09M.2.AHL.TZ1.H_12,5,FALSE,FALSE,,18,09M.2.AHL.TZ2.H_12,,FALSE,FALSE,,,09N.2.AHL.TZ0.H_12,,FALSE,FALSE,,,,,,,,SP.2.12,,FALSE,FALSE,,,10M.1.AHL.TZ1.H_12,,FALSE,FALSE,,,10M.1.AHL.TZ2.H_12,,FALSE,FALSE,,,10N.1.AHL.TZ0.H_12,,FALSE,FALSE,,,10M.2.AHL.TZ1.H_12,,FALSE,FALSE,,,10M.2.AHL.TZ2.H_12,,FALSE,FALSE,,,10N.2.AHL.TZ0.H_12,,FALSE,FALSE,,,11M.1.AHL.TZ1.H_12,,FALSE,FALSE,,4,11M.1.AHL.TZ2.H_11a,5.3,FALSE,FALSE,,,11N.1.AHL.TZ0.H_12,,FALSE,FALSE,,,11M.2.AHL.TZ1.H_12,,FALSE,FALSE,,,11M.2.AHL.TZ2.H_12,,FALSE,FALSE,,,11N.2.AHL.TZ0.H_12,,,,3,12M.1.AHL.TZ1.H_10a,3.2,TRUE,TRUE,,,12M.1.AHL.TZ2.H_12,complex,FALSE,,,,12N.1.AHL.TZ0.H_12,,,,,12M.2.AHL.TZ1.H_12,,,,,12M.2.AHL.TZ2.H_12,,FALSE,,,24,12N.2.AHL.TZ0.H_13,vector,FALSE,,,5,13M.1.AHL.TZ1.H_11aii,3.8,,,,21,13M.1.AHL.TZ2.H_12,rational function,FALSE,FALSE,,,13N.1.AHL.TZ0.H_10,integrals,FALSE,FALSE,,,13M.2.AHL.TZ1.H_12,5,FALSE,FALSE,,,13M.2.AHL.TZ2.H_12,diff eq,FALSE,TRUE,,,13N.2.AHL.TZ0.H_12,5.9,FALSE,FALSE,,6,14M.1.AHL.TZ1.H_10,3.6,FALSE,FALSE,,2,14M.1.AHL.TZ2.H_8a,5.12 (lim),FALSE,FALSE,,14,14N.1.AHL.TZ0.H_12a,3.12,TRUE,FALSE,,5,14M.2.AHL.TZ1.H_12a,2.5,FALSE,FALSE,,,14M.2.AHL.TZ2.H_11,prob dens,FALSE,FALSE,,,14N.2.AHL.TZ0.H_12,prob,FALSE,FALSE,,18,15M.1.AHL.TZ1.H_12,2.12,FALSE,FALSE,,3,15M.1.AHL.TZ2.H_12a,2.12,FALSE,TRUE,,20,15N.1.AHL.TZ0.H_12,5,FALSE,FALSE,,2,15M.2.AHL.TZ1.H_12ai,1.9,TRUE,FALSE,,15,15M.2.AHL.TZ2.H_12,5,FALSE,FALSE,,3,15N.2.AHL.TZ0.H_10a,3.14,FALSE,FALSE,,21,16M.1.AHL.TZ1.H_11,3.18,FALSE,FALSE,,3,16M.1.AHL.TZ2.H_12a,1.14,TRUE,FALSE,,9,16N.1.AHL.TZ0.H_10,4.6,FALSE,FALSE,,3,16M.2.AHL.TZ1.H_11a,2.15,FALSE,FALSE,,23,16M.2.AHL.TZ2.H_12,5.15,FALSE,FALSE,,18,16N.2.AHL.TZ0.H_12,1.4,FALSE,FALSE,,6,17M.1.AHL.TZ1.H_10c,4.14,show hence state,,,,5,17M.1.AHL.TZ2.H_9b,5.16 (parts),,,,21,17N.1.AHL.TZ0.H_11a,2.14,FALSE,FALSE,,3,17M.2.AHL.TZ1.H_10c,3.2,,,,,,,,,,3,17N.2.AHL.TZ0.H_10b,2.4,,,,4,18M.1.AHL.TZ1.H_9c,2.8,,,,4,18M.1.AHL.TZ2.H_9c,3.16,,,,3,18N.1.AHL.TZ0.H_9b,3.18,,,,5,18M.2.AHL.TZ1.H_9b,5.14.1,,,,1,18M.2.AHL.TZ2.H_10aii,2.2,,,,4,18N.2.AHL.TZ0.H_9ci,2.4,,,,3,19M.1.AHL.TZ1.H_10a,2.12,FALSE,FALSE,,4,19M.1.AHL.TZ2.H_8b,5.8,,,,3,19N.1.AHL.TZ0.H_9d,1.0,,,,4,19M.2.AHL.TZ1.H_9b,4.8,,,,7,19M.2.AHL.TZ2.H_7,1.15.3,FALSE,FALSE,,2,19N.2.AHL.TZ0.H_9bii,5.9,,,,2,20N.1.AHL.TZ0.H_10bi,2.7,,,,3,20N.2.AHL.TZ0.H_9c,4.6,,,,,,,,,,4,21M.1.AHL.TZ2.H_12b,3.8,,,,6,21N.1.AHL.TZ0.H_12a,1.14,TRUE,FALSE,,3,21M.2.AHL.TZ1.H_12b,5.10,,,,9,21M.2.AHL.TZ2.H_12c,5.6,,,,4,21N.2.AHL.TZ0.H_10eii,5.11,,,,,,,,,,,,,,,,,,,,,,1,EXN.1.AHL.TZ0.5b,2.13,,,,4,EXN.1.AHL.TZ0.12d,3.9,,,,4,EXN.2.AHL.TZ0.11e,3.12,,,,,,,,,,3,SPM.1.AHL.TZ0.H_12d,5.19,,,,7,SPM.2.AHL.TZ0.H_12b,3.10,,,,,,,,,,8,22M.1.AHL.TZ1.H_10biii,1.7,,,,2,22M.1.AHL.TZ2.H_12a,1.14,TRUE,FALSE,,1,22N.1.AHL.TZ0.H_11biii,2.12,,,,8,22M.2.AHL.TZ1.H_10d,5.14.2,,,,5,22M.2.AHL.TZ2.H_11e,3.15,,,,2,22N.2.AHL.TZ0.H_12ci,3.14,,,,,,,,,,,22M.3.AHL.TZ2.H_2a,,,,,,,,,,,,23M.1.AHL.TZ1.H_12,3.13,FALSE,FALSE,,,,2.6,,,,,,2.7?,,,,4,23M.2.AHL.TZ1.H_12a,5.18 (Eul),FALSE,TRUE,,2,23M.2.AHL.TZ2.H_10d,3.8,,,,,23N.2.AHL.TZ0.H_12,,,,,,,,,,,,,,,,,,,,,,,3,24M.1.AHL.TZ1.H_12a,1.14,TRUE,FALSE,,7,24M.1.AHL.TZ2.H_11d,3.18,,,,,,,,,,,,5.14.1,,,,1,24M.2.AHL.TZ2.H_11d,3.4,,,,,,,,,,,,,,,,,,,,,,,,,,
,,99M.1.AHL.TZ1.H_13,,,,,99N.1.AHL.TZ0.H_13,,,,,,,,,,,99N.2.AHL.TZ0.H_13,,,,,99M.1.AHL.TZ1.H_13,,,,,99N.1.AHL.TZ0.H_13,,,,,99M.2.AHL.TZ1.H_13,,,,,99N.2.AHL.TZ0.H_13,,,,,99M.1.AHL.TZ1.H_13,,,,,99N.1.AHL.TZ0.H_13,,,,,99M.2.AHL.TZ1.H_13,,,,,99N.2.AHL.TZ0.H_13,,,,,99M.1.AHL.TZ1.H_13,,,,,99N.1.AHL.TZ0.H_13,,,,,99M.2.AHL.TZ1.H_13,,,,,99N.2.AHL.TZ0.H_13,,,,,00M.1.AHL.TZ1.H_13,,,,,00N.1.AHL.TZ0.H_13,,,,,00M.2.AHL.TZ1.H_13,,,,,00N.2.AHL.TZ0.H_13,,,,,01M.1.AHL.TZ1.H_13,,,,,01N.1.AHL.TZ0.H_13,,,,,01M.2.AHL.TZ1.H_13,,,,,01N.2.AHL.TZ0.H_13,,,,,02M.1.AHL.TZ1.H_13,,,,,02N.1.AHL.TZ0.H_13,,,,,02M.2.AHL.TZ1.H_13,,,,,02N.2.AHL.TZ0.H_13,,,,,03M.1.AHL.TZ1.H_13,,,,,03N.1.AHL.TZ0.H_13,,,,,03M.2.AHL.TZ1.H_13,,,,,03N.2.AHL.TZ0.H_13,,,,,04M.1.AHL.TZ1.H_13,,,,,04N.1.AHL.TZ0.H_13,,,,,04M.2.AHL.TZ1.H_13,,,,,04N.2.AHL.TZ0.H_13,,,,,05M.1.AHL.TZ1.H_13,,,,,05N.1.AHL.TZ0.H_13,,,,,05M.2.AHL.TZ1.H_13,,,,,05N.2.AHL.TZ0.H_13,,,,,06M.1.AHL.TZ1.H_13,,,,,06N.1.AHL.TZ0.H_13,,,,,,,,,,,,,,,07M.1.AHL.TZ1.H_13,,FALSE,FALSE,,,07M.1.AHL.TZ2.H_13,,FALSE,FALSE,,,07N.1.AHL.TZ0.H_13,,FALSE,FALSE,,,07M.2.AHL.TZ1.H_13,,FALSE,FALSE,,,07M.1.AHL.TZ2.H_13,,FALSE,FALSE,,,07N.1.AHL.TZ0.H_13,,FALSE,FALSE,,,08M.1.AHL.TZ1.H_13,,FALSE,FALSE,,,,,,,,,08N.1.AHL.TZ0.H_13,,FALSE,FALSE,,4,08M.2.AHL.TZ1.H_12b,1.6,,,,,08M.2.AHL.TZ2.H_13,,FALSE,FALSE,,,08N.2.AHL.TZ0.H_13,,FALSE,FALSE,,,,,FALSE,FALSE,,,09M.1.AHL.TZ2.H_11,,FALSE,FALSE,,,09N.1.AHL.TZ0.H_13,,FALSE,FALSE,,,,,FALSE,FALSE,,22,09M.2.AHL.TZ2.H_13,,FALSE,FALSE,,20,09N.2.AHL.TZ0.H_13,4.7,FALSE,FALSE,,,,,,,,SP.2.13,,FALSE,FALSE,,20,10M.1.AHL.TZ1.H_13,"1.15.3, 3.6",TRUE,TRUE,,16,10M.1.AHL.TZ2.H_13,1.14,FALSE,FALSE,,,10N.1.AHL.TZ0.H_13,,FALSE,FALSE,,,10M.2.AHL.TZ1.H_13,,FALSE,FALSE,,,10M.2.AHL.TZ2.H_13,,FALSE,FALSE,,,10N.2.AHL.TZ0.H_13,,FALSE,FALSE,,22,11M.1.AHL.TZ1.H_13,1.14,FALSE,FALSE,,4,11M.1.AHL.TZ2.H_11b,5.4,,,,,11N.1.AHL.TZ0.H_13,,FALSE,FALSE,,,11M.2.AHL.TZ1.H_13,,FALSE,FALSE,,8,11M.2.AHL.TZ2.H_13A,1.15.3,FALSE,FALSE,,,11N.2.AHL.TZ0.H_13,,,,8,12M.1.AHL.TZ1.H_10b,3.6,,,,13,12M.1.AHL.TZ2.H_13,5.6,FALSE,,,,12N.1.AHL.TZ0.H_13,,,,,12M.2.AHL.TZ1.H_13,,,,,12M.2.AHL.TZ2.H_13,,FALSE,,,,,,FALSE,,,2,13M.1.AHL.TZ1.H_11bi,2.12,,,,18,13M.1.AHL.TZ2.H_13,complex,FALSE,FALSE,,20,13N.1.AHL.TZ0.H_11,vectors,FALSE,FALSE,,19,13M.2.AHL.TZ1.H_13,5.6,FALSE,FALSE,,,13M.2.AHL.TZ2.H_13,5,FALSE,FALSE,,,13N.2.AHL.TZ0.H_13,5.17 (vol),,,,2,14M.1.AHL.TZ1.H_11a,,FALSE,FALSE,,4,14M.1.AHL.TZ2.H_8b,2.11,,,,,14N.1.AHL.TZ0.H_12b,,,,,3,14M.2.AHL.TZ1.H_12b,2.16.1,,,,15,14M.2.AHL.TZ2.H_12,5,FALSE,FALSE,,,14N.2.AHL.TZ0.H_13,5.17 (vol),FALSE,FALSE,,21,15M.1.AHL.TZ1.H_13,5.8,FALSE,FALSE,,3,15M.1.AHL.TZ2.H_12bi,2.12,,,,2,15N.1.AHL.TZ0.H_13a,3.12,TRUE,TRUE,,3,15M.2.AHL.TZ1.H_12aii,1.14,,,,18,15M.2.AHL.TZ2.H_13,3.15,FALSE,FALSE,,5,15N.2.AHL.TZ0.H_10b,3.15,,,,21,16M.1.AHL.TZ1.H_12,"1.14, 1.15",FALSE,FALSE,,3,16M.1.AHL.TZ2.H_12b,1.13,,,,22,16N.1.AHL.TZ0.H_11,"5.8, 5.11,",FALSE,FALSE,,5,16M.2.AHL.TZ1.H_11b,5.7,,,,,,,,,,,,,,,,2,17M.1.AHL.TZ1.H_10d,4.14,calculate,,,,4,17M.1.AHL.TZ2.H_9c,5.6,,,,,,5.6,,,,7,17M.2.AHL.TZ1.H_10d,2.7,,,,,,,,,,4,17N.2.AHL.TZ0.H_10c,5.4,,,,19,18M.1.AHL.TZ1.H_10,3.18,FALSE,FALSE,,4,18M.1.AHL.TZ2.H_9d,3.17,,,,7,18N.1.AHL.TZ0.H_9c,3.18,,,,3,18M.2.AHL.TZ1.H_9c,5.4,,,,1,18M.2.AHL.TZ2.H_10aiii,2.5.2,,,,4,18N.2.AHL.TZ0.H_9cii,2.5.2,,,,4,19M.1.AHL.TZ1.H_10b,2.12,,,,6,19M.1.AHL.TZ2.H_9a,3.7,FALSE,FALSE,,5,19N.1.AHL.TZ0.H_10a,5.6,FALSE,FALSE,,5,19M.2.AHL.TZ1.H_9c,4.6,,,,4,19M.2.AHL.TZ2.H_8a,1.14,TRUE,FALSE,,2,19N.2.AHL.TZ0.H_9biii,5.9,,,,3,20N.1.AHL.TZ0.H_10bii,0,,,,3,20N.2.AHL.TZ0.H_9d,4.12,,,,,,,,,,3,21M.1.AHL.TZ2.H_12c,3.8,,,,4,21N.1.AHL.TZ0.H_12b,1.13,,,,8,21M.2.AHL.TZ1.H_12c,5.18,,,,5,21M.2.AHL.TZ2.H_12d,2.5,,,,7,21N.2.AHL.TZ0.H_11a,3.17,FALSE,FALSE,,,,,,,,,,,,,,,,,,,,4,EXN.1.AHL.TZ0.5c,2.13,,,,3,EXN.1.AHL.TZ0.12e,3.10,,,,3,EXN.2.AHL.TZ0.12a,5.6,FALSE,FALSE,,,,,,,,,,,,,,5,SPM.2.AHL.TZ0.H_12c,2.7,,,,,,,,,,5,22M.1.AHL.TZ1.H_11a,3.18,FALSE,FALSE,,2,22M.1.AHL.TZ2.H_12b,1.14,,,,3,22N.1.AHL.TZ0.H_11biv,2.12,,,,4,22M.2.AHL.TZ1.H_12a,5.18 (Eul),FALSE,TRUE,,1,22M.2.AHL.TZ2.H_12a,5.1,FALSE,TRUE,,8,22N.2.AHL.TZ0.H_12cii,3.15,,,,,,,,,,,22M.3.AHL.TZ2.H_2a,,,,,,,,,,,,,3.14,,,,,,5.11,,,,,,2.10?,,,,5,23M.2.AHL.TZ1.H_12b,5.19,,,,4,23M.2.AHL.TZ2.H_10e,3.8;4.14,,,,,,,,,,,,,,,,,,,,,,,,,,,,2,24M.1.AHL.TZ1.H_12b,1.14,,,,4,24M.1.AHL.TZ2.H_11e,3.17,,,,,,,,,,,24M.2.AHL.TZ1.H_12,3.16,FALSE,FALSE,,3,24M.2.AHL.TZ2.H_11e,3.4,,,,,,,,,,,,,,,,,,,,,,,,,,
,,,,,,,,,,,,,,,,,,,,,,,,,,,,,,,,,,,,,,,,,,,,,,,,,,,,,,,,,,,,,,,,,,,,,,,,,,,,,,,,,,,,,,,,,,,,,,,,,,,,,,,,,,,,,,,,,,,,,,,,,,,,,,,,,,,,,,,,,,,,,,,,,,,,,,,,,,,,,,,,,,,,,,,,,,,,,,,,,,,,,,,,,,,,,,,,,,,,,,,,,,,,,,,,,,,,,,,,,,,,,,,07M.1.AHL.TZ1.H_14,,FALSE,FALSE,,,07M.1.AHL.TZ2.H_14,,FALSE,FALSE,,6,07N.1.AHL.TZ0.H_14,3.18,FALSE,FALSE,,,,,,,,,,,,,,,,,,,,,,,,,,,,,,,,,,,,,,7,08M.2.AHL.TZ1.H_12c,1.6,,,,,,,,,,,,,,,,,,,,,,,,,,,,,,,,,,,,,,,,,,,,,,,,,,,,,,,,,,,,,,,,,,,,,,,,,,,,,,,,,,,,,,,,,,,,,,,,,,,,,,,,,7,11M.1.AHL.TZ2.H_11c,5.4,,,,,,,,,,,,,,,,,11M.2.AHL.TZ2.H_13B,,FALSE,FALSE,,,,,,,6,12M.1.AHL.TZ1.H_10c,1.6,,,,,,,,,,,,,,,,,,,,,,,,,,,,,,,,4,13M.1.AHL.TZ1.H_11bii,2.12,,,,,,,,,,20,13N.1.AHL.TZ0.H_12,"1.14, 5",FALSE,FALSE,,,,,,,,,,,,,,,,,,,,3,14M.1.AHL.TZ1.H_11b,,,,,1,14M.1.AHL.TZ2.H_9a,3.6,FALSE,FALSE,,,14N.1.AHL.TZ0.H_12c,,,,,3,14M.2.AHL.TZ1.H_12c,2.5,,,,20,14M.2.AHL.TZ2.H_13,imag,FALSE,FALSE,,,,,,,,,,,,,,2,15M.1.AHL.TZ2.H_12bii,1.12,,,,2,15N.1.AHL.TZ0.H_13bi,3.14,,,,1,15M.2.AHL.TZ1.H_12aiii,1.13,,,,,,,,,,18,15N.2.AHL.TZ0.H_11,AI,FALSE,FALSE,,18,16M.1.AHL.TZ1.H_13,5.17,FALSE,TRUE,,3,16M.1.AHL.TZ2.H_12c,1.14,,,,19,16N.1.AHL.TZ0.H_12,1.15,FALSE,FALSE,,6,16M.2.AHL.TZ1.H_11c,2.5,,,,,,,,,,,,,,,,17,17M.1.AHL.TZ1.H_11,"1.11, 2.13, 5.11",,FALSE,FALSE,,4,17M.1.AHL.TZ2.H_10ai,1.0,FALSE,FALSE,,,,1.15 (ind),,,,9,17M.2.AHL.TZ1.H_11,5.9,FALSE,FALSE,,,,,,,,3,17N.2.AHL.TZ0.H_10d,5.17,,,,14,18M.1.AHL.TZ1.H_11,1.14,FALSE,FALSE,,3,18M.1.AHL.TZ2.H_9e,3.17,,,,5,18N.1.AHL.TZ0.H_10a,5.16.4,FALSE,TRUE,,7,18M.2.AHL.TZ1.H_9d,5.17,,,,1,18M.2.AHL.TZ2.H_10aiv,2.2,,,,3,18N.2.AHL.TZ0.H_9d,2.15,,,,2,19M.1.AHL.TZ1.H_10c,2.11,,,,5,19M.1.AHL.TZ2.H_9b,5.11,,,,5,19N.1.AHL.TZ0.H_10b,2.13,,,,2,19M.2.AHL.TZ1.H_10a,5.8,FALSE,FALSE,,3,19M.2.AHL.TZ2.H_8b,1.12,,,,3,19N.2.AHL.TZ0.H_9c,5.9,,,,3,20N.1.AHL.TZ0.H_10biii,2.5.2,,,,4,20N.2.AHL.TZ0.H_9e,4.8,,,,,,,,,,9,21M.1.AHL.TZ2.H_12d,1.15.3,,,,3,21N.1.AHL.TZ0.H_12c,1.12,,,,3,21M.2.AHL.TZ1.H_12d,1.0,,,,1,21M.2.AHL.TZ2.H_12e,2.6,,,,2,21N.2.AHL.TZ0.H_11b,3.18,,,,,,,,,,,,,,,,,,,,,,4,EXN.1.AHL.TZ0.6a,5.6,FALSE,FALSE,,,,,,,,9,EXN.2.AHL.TZ0.12b,5.18,,,,,,,,,,,,,,,,6,SPM.2.AHL.TZ0.H_12d,2.12,,,,,,,,,,4,22M.1.AHL.TZ1.H_11b,3.18,,,,6,22M.1.AHL.TZ2.H_12c,1.14,,,,3,22N.1.AHL.TZ0.H_12a,1.13,FALSE,TRUE,,3,22M.2.AHL.TZ1.H_12b,5.18.(hom),,,,4,22M.2.AHL.TZ2.H_12b,5.14.1,,,,4,22N.2.AHL.TZ0.H_12di,3.17,,,,,,,,,,,22M.3.AHL.TZ2.H_2a,,FALSE,FALSE,,,,,,,,,,3.18,,,,,,1.2,,,,,23N.1.AHL.TZ0.H_11,,FALSE,FALSE,,3,23M.2.AHL.TZ1.H_12c,5.19,,,,4,23M.2.AHL.TZ2.H_11a,4.6,,,,,,,,,,,,,,,,,,,,,,,,,,,,2,24M.1.AHL.TZ1.H_12c,1.14,,,,8,24M.1.AHL.TZ2.H_12a,1.15 (ind);5.19,FALSE,TRUE,,,,,,,,,,3.16,,,,1,24M.2.AHL.TZ2.H_11f,2.2,,,,,,,,,,,,,,,,,,,,,,,,,,
,0,,,,,0,,,,,,,,,,,0,,,,,0,,,,,0,,,,,0,,,,,0,,,,,0,,,,,0,,,,,0,,,,,0,,,,,0,,,,,0,,,,,0,,,,,0,,,,,0,,,,,0,,,,,0,,,,,0,,,,,,,,,,,,,,,,,,,,,,,,,0,,,,,0,,,,,0,,,,,0,,,,,0,,,,,0,,,,,0,,,,,0,,,,,0,,,,,0,,,,,0,,,,,0,,,,,0,,,,,0,,,,,0,,,,,0,,,,,,,,,,,,,,,,,,,,,,,,,,07M.1.AHL.TZ1.H_15,,FALSE,FALSE,,,07M.1.AHL.TZ2.H_15,,FALSE,FALSE,,,07N.1.AHL.TZ0.H_15,,FALSE,FALSE,,,,,,,,,,,,,,,,,,,,,,,,,,,,,,,,,,,,,,8,08M.2.AHL.TZ1.H_12d,3.2,,,,,,,,,,,,,,,,,,,,,,,,,,,,,,,,,,,,,,,,,,,,,,,,,,,,,,,,,,,,,,,20,,,,,,30,,,,,,15,,,,,,0,,,,,,0,,,,,,0,,,,,,,,,,,,20,11M.1.AHL.TZ2.H_12,AI,FALSE,FALSE,,,,,,,,,,,,,,,,,,,,,,,,,4,12M.1.AHL.TZ1.H_10d,3.2,,,,,,,,,,0,,,,,0,,,,,15,,,,,,,,,,,,2,13M.1.AHL.TZ1.H_11biii,3.10,,,,,,,,,,,,,,,,,,,,,,,,,,,,,,,,,,5,14M.1.AHL.TZ1.H_11c,integrals,,,,2,14M.1.AHL.TZ2.H_9b,1.8,,,,23,14N.1.AHL.TZ0.H_13,5.13,FALSE,FALSE,,3,14M.2.AHL.TZ1.H_12d,2.5,,,,,14M.2.AHL.TZ2.H_14,calc,FALSE,FALSE,,,,,,,,,,,,,,6,15M.1.AHL.TZ2.H_12c,1.3,,,,2,15N.1.AHL.TZ0.H_13bii,3.15,,,,4,15M.2.AHL.TZ1.H_12b,1.14,,,,,,,,,,7,15N.2.AHL.TZ0.H_12a,2.5.1,FALSE,TRUE,,,,,,,,10,16M.1.AHL.TZ2.H_12d,1.13,,,,2,16N.1.AHL.TZ0.H_13a,3.5,FALSE,FALSE,,8,16M.2.AHL.TZ1.H_11d,3.9,,,,,,,,,,,,,,,,18,17M.1.AHL.TZ1.H_12,5.7,,FALSE,FALSE,,5,17M.1.AHL.TZ2.H_10aii,5.8,,,,,,,,,,18,17M.2.AHL.TZ1.H_12,"2.5, 2.14, 5.6",FALSE,TRUE,,,,,,,,2,17N.2.AHL.TZ0.H_11ai,5.6,FALSE,FALSE,,,,,,,,4,18M.1.AHL.TZ2.H_9f,3.18,,,,3,18N.1.AHL.TZ0.H_10b,5.16 (parts),,,,3,18M.2.AHL.TZ1.H_10a,4.14,FALSE,FALSE,,3,18M.2.AHL.TZ2.H_10b,3.10,,,,18,18N.2.AHL.TZ0.H_10,AI,FALSE,FALSE,,6,19M.1.AHL.TZ1.H_*10d,AI,,,,6,19M.1.AHL.TZ2.H_9c,5.6,,,,2,19N.1.AHL.TZ0.H_10c,1.6,,,,2,19M.2.AHL.TZ1.H_10b,2.5.1,,,,7,19M.2.AHL.TZ2.H_9a,1.14,FALSE,FALSE,,4,19N.2.AHL.TZ0.H_10a,4.14,FALSE,FALSE,,3,20N.1.AHL.TZ0.H_10c,2.11,,,,4,20N.2.AHL.TZ0.H_10a,3.18,FALSE,TRUE,,,,,,,,,,,,,,3,21N.1.AHL.TZ0.H_12d,1.14,,,,3,21M.2.AHL.TZ1.H_12e,5.7,,,,3,21M.2.AHL.TZ2.H_12f,2.7,,,,3,21N.2.AHL.TZ0.H_11c,3.18,,,,,,,,,,,,,,,,,,,,,,1,EXN.1.AHL.TZ0.6b,2.13,,,,,,,,,,6,EXN.2.AHL.TZ0.12c,5.18,,,,,,,,,,,,,,,,,,,,,,,,,,,,6,22M.1.AHL.TZ1.H_11c,3.18,,,,5,22M.1.AHL.TZ2.H_12d,1.14,,,,5,22N.1.AHL.TZ0.H_12b,1.6,,,,12,22M.2.AHL.TZ1.H_12c,5.18 (sep),,,,7,22M.2.AHL.TZ2.H_12c,5.8,,,,5,22N.2.AHL.TZ0.H_12dii,3.18,,,,,,,,,,,22M.3.AHL.TZ2.H_2a,,,,,,,,,,,,,3.17,,,,,,,,,,,23N.1.AHL.TZ0.H_12,1.9,FALSE,FALSE,,7,23M.2.AHL.TZ1.H_12d,5.18 (sep),,,,4,23M.2.AHL.TZ2.H_11b,1.16,,,,,,,,,,,,,,,,,,,,,,,,,,,,3,24M.1.AHL.TZ1.H_12d,1.14,,,,2,24M.1.AHL.TZ2.H_12b,5.19,,,,,,,,,,,,3.17,,,,1,24M.2.AHL.TZ2.H_11gi,2.16,,,,,,,,,,,,,,,,,,,,,,,,,,
,,,,,,,,,,,,,,,,,,,,,,,,,,,,,,,,,,,,,,,,,,,,,,,,,,,,,,,,,,,,,,,,,,,,,,,,,,,,,,,,,,,,,,,,,,,,,,,,,,,,,,,,,,,,,,,,,,,,,,,,,,,,,,,,,,,,,,,,,,,,,,,,,,,,,,,,,,,,,,,,,,,,,,,,,,,,,,,,,,,,,,,,,,,,,,,,,,,,,,,,,,,,,,,,,,,,,,,,,,,,,,,07M.1.AHL.TZ1.H_16,,FALSE,FALSE,,,07M.1.AHL.TZ2.H_16,,FALSE,FALSE,,,07N.1.AHL.TZ0.H_16,,FALSE,FALSE,,,,,,,,,,,,,,,,,,,,,,,,,,,,,,,,,,,,,,,,,,,,,,,,,,,,,,,,,,,,,,,,,,,,,,,,,,,,,,,,,,,,,,,,,,,,,,,,,,,,,,,,,,,,,,,,,,,,,,,,,,,,,,,,,,,,,,,,,,,,,,,,,2,11M.1.AHL.TZ2.H_13ai,3.7,FALSE,FALSE,,,,,,,,,,,,,,,,,,,,,,,,,17,12M.1.AHL.TZ1.H_11,AI,FALSE,FALSE,,,,,,,,,,,,,,,,,,,,,,,,,,,,,,4,13M.1.AHL.TZ1.H_11biv,3.8,,,,,,,,,,,,,,,,,,,,,,,,,,,,,,,,,,4,14M.1.AHL.TZ1.H_11d,,,,,4,14M.1.AHL.TZ2.H_9c,3.9,,,,,,,,,,4,14M.2.AHL.TZ1.H_12e,1.2,,,,,,,,,,,,,,,,,,,,,,2,15M.1.AHL.TZ2.H_13a,1.6,TRUE,TRUE,,5,15N.1.AHL.TZ0.H_13biii,3.15,,,,4,15M.2.AHL.TZ1.H_12c,1.14,,,,,,,,,,6,15N.2.AHL.TZ0.H_12b,2.5.2,,,,,,,,,,4,16M.1.AHL.TZ2.H_12e,1.13,,,,2,16N.1.AHL.TZ0.H_13b,3.6,,,,16,16M.2.AHL.TZ1.H_12,5.14,FALSE,FALSE,,,,,,,,,,,,,,,,,,,,,2,17M.1.AHL.TZ2.H_10b,1.6,,,,,,,,,,,,,,,,,,,,,,4,17N.2.AHL.TZ0.H_11aii,2.4,,,,,,,,,,5,18M.1.AHL.TZ2.H_10a,2.5,FALSE,FALSE,,6,18N.1.AHL.TZ0.H_10c,5.8,,,,3,18M.2.AHL.TZ1.H_10b,4.14,,,,3,18M.2.AHL.TZ2.H_10c,,,,,3,18N.2.AHL.TZ0.H_11a,3.2,FALSE,FALSE,,6,19M.1.AHL.TZ1.H_11a,1.10,FALSE,TRUE,,1,19M.1.AHL.TZ2.H_10a,4.14,FALSE,TRUE,,7,19N.1.AHL.TZ0.H_10d,5.11,,,,3,19M.2.AHL.TZ1.H_10c,2.4,,,,6,19M.2.AHL.TZ2.H_9b,2.4,,,,4,19N.2.AHL.TZ0.H_10b,4.14,,,,5,20N.1.AHL.TZ0.H_10d,2.5.2,,,,4,20N.2.AHL.TZ0.H_10b,3.18,,,,,,,,,,,,,,,,6,21N.1.AHL.TZ0.H_12e,1.13,,,,,,,,,,,,,,,,9,21N.2.AHL.TZ0.H_11d,3.18,,,,,,,,,,,,,,,,,,,,,,4,EXN.1.AHL.TZ0.6c,5.6,,,,,,,,,,4,EXN.2.AHL.TZ0.12d,5.18,,,,,,,,,,,,,,,,,,,,,,,,,,,,4,22M.1.AHL.TZ1.H_12a,5.19,FALSE,FALSE,,3,22M.1.AHL.TZ2.H_12e,1.14,,,,10,22N.1.AHL.TZ0.H_12c,1.15 (ind),,,,,,,,,,9,22M.2.AHL.TZ2.H_12e,5.18 (sep),,,,,,,,,,,,,,,,,22M.3.AHL.TZ2.H_2a,,,,,,,,,,,,,3.17,,,,,,,,,,,,1.14,,,,2,23M.2.AHL.TZ1.H_12e,5.18 (sep),,,,4,23M.2.AHL.TZ2.H_11c,4.5,FALSE,FALSE,,,,,,,,,,,,,,,,,,,,,,,,,,4,24M.1.AHL.TZ1.H_12e,1.13,,,,4,24M.1.AHL.TZ2.H_12c,5.19,,,,,,,,,,,,,,,,3,24M.2.AHL.TZ2.H_11gii,2.10,,,,,,,,,,,,,,,,,,,,,,,,,,
,,,,,,,,,,,,,,,,,,,,,,,,,,,,,,,,,,,,,,,,,,,,,,,,,,,,,,,,,,,,,,,,,,,,,,,,,,,,,,,,,,,,,,,,,,,,,,,,,,,,,,,,,,,,,,,,,,,,,,,,,,,,,,,,,,,,,,,,,,,,,,,,,,,,,,,,,,,,,,,,,,,,,,,,,,,,,,,,,,,,,,,,,,,,,,,,,,,,,,,,,,,,,,,,,,,,,,,,,,,,,,6,07M.1.AHL.TZ1.H_17,,FALSE,FALSE,,,07M.1.AHL.TZ2.H_17,,FALSE,FALSE,,,07N.1.AHL.TZ0.H_17,,FALSE,FALSE,,,,,,,,,,,,,,,,,,,,,,,,,,,,,,,,,,,,,,,,,,,,,,,,,,,,,,,,,,,,,,,,,,,,,,,,,,,,,,,,,,,,,,,,,,,,,,,,,,,,,,,,,,,,,,,,,,,,,,,,,,,,,,,,,,,,,,,,,,,,,,,,,3,11M.1.AHL.TZ2.H_13aii,,,,,,,,,,,,,,,,,,,,,,,,,,,,5,12M.1.AHL.TZ1.H_12a,5.6,FALSE,FALSE,,,,,,,,,,,,,,,,,,,,,,,,,,,,,,,13M.1.AHL.TZ1.H_12,integrals,,FALSE,,,,,,,,,,,,,,,,,,,,,,,,,,,,,,,,7,14M.1.AHL.TZ1.H_11e,,,,,7,14M.1.AHL.TZ2.H_10,5.16 (Isub),FALSE,FALSE,,,,,,,,,,,,,,,,,,,,,,,,,,14,15M.1.SL.TZ1.S_8,3.15,,,,2,15M.1.AHL.TZ2.H_13b,1.6,,,,3,15N.1.AHL.TZ0.H_13c,3.18,,,,5,15M.2.AHL.TZ1.H_12d,2.6,,,,,,,,,,8,15N.2.AHL.TZ0.H_12c,2.5.2,,,,,,,,,,,,,,,,9,16N.1.AHL.TZ0.H_13c,1.15.3,,,,22,16M.2.AHL.TZ1.H_13,4.8,FALSE,FALSE,,,,,,,,,,,,,,,,,,,,,5,17M.1.AHL.TZ2.H_11a,3.8,FALSE,FALSE,,,,,,,,,,,,,,,,,,,,2,17N.2.AHL.TZ0.H_11aiii,5.7,,,,,,,,,,2,18M.1.AHL.TZ2.H_10bi,2.12,,,,5,18N.1.AHL.TZ0.H_10d,5.11,,,,7,18M.2.AHL.TZ1.H_10c,4.14,,,,7,18M.2.AHL.TZ2.H_10d,2.12,,,,6,18N.2.AHL.TZ0.H_11b,3.10,,,,3,19M.1.AHL.TZ1.H_11b,3.15,,,,6,19M.1.AHL.TZ2.H_10b,5.16,,,,3,19N.1.AHL.TZ0.H_11ai,3.16,FALSE,TRUE,,3,19M.2.AHL.TZ1.H_10d,5.5,,,,2,19M.2.AHL.TZ2.H_9c,2.3,,,,4,19N.2.AHL.TZ0.H_10ci,4.14,,,,5,20N.1.AHL.TZ0.H_11a,5.14.1,FALSE,TRUE,,3,20N.2.AHL.TZ0.H_10c,3.17,,,,,,,,,,,,,,,,,,,,,,,,,,,,,,,,,,,,,,,,,,,,,,,,,,,,,,,,,,5,EXN.1.AHL.TZ0.7,3.5,FALSE,FALSE,,,,,,,,,,,,,,,,,,,,,,,,,,,,,,,,,,,,,,4,22M.1.AHL.TZ1.H_12b,5.11,,,,,,,,,,,,,,,,,,,,,,,,,,,,,,,,,,,,,,,,,22M.3.AHL.TZ2.H_2a,,,,,,,,,,,,,,,,,,,,,,,,,3.8,,,,,,,,,,3,23M.2.AHL.TZ2.H_11d,4.5,,,,,,,,,,,,,,,,,,,,,,,,,,,,3,24M.1.AHL.TZ1.H_12f,1.13,,,,1,24M.1.AHL.TZ2.H_12d,5.19,,,,,,,,,,,,,,,,3,24M.2.AHL.TZ2.H_12a,5.18 (Eul),FALSE,TRUE,,,,,,,,,,,,,,,,,,,,,,,,
,,,,,,,,,,,,,,,,,,,,,,,,,,,,,,,,,,,,,,,,,,,,,,,,,,,,,,,,,,,,,,,,,,,,,,,,,,,,,,,,,,,,,,,,,,,,,,,,,,,,,,,,,,,,,,,,,,,,,,,,,,,,,,,,,,,,,,,,,,,,,,,,,,,,,,,,,,,,,,,,,,,,,,,,,,,,,,,,,,,,,,,,,,,,,,,,,,,,,,,,,,,,,,,,,,,,,,,,,,,,,,6,07M.1.AHL.TZ1.H_18,5.6?,FALSE,FALSE,,6,07M.1.AHL.TZ2.H_18,5.6,FALSE,FALSE,,,07N.1.AHL.TZ0.H_18,,FALSE,FALSE,,,,,,,,,,,,,,,,,,,,,,,,,,,,,,,,,,,,,,,,,,,,,,,,,,,,,,,,,,,,,,,,,,,,,,,,,,,,,,,,,,,,,,,,,,,,,,,,,,,,,,,,,,,,,,,,,,,,,,,,,,,,,,,,,,,,,,,,,,,,,,,,,4,11M.1.AHL.TZ2.H_13aiii,,,,,,,,,,,,,,,,,,,,,,,,,,,,6,12M.1.AHL.TZ1.H_12b,5.7,,,,,,,,,,,,,,,,,,,,,,,,,,,,,,,,,13M.1.AHL.TZ1.H_13,probability,,FALSE,,,,,,,,,,,,,,,,,,,,,,,,,,,,,,,,22,14M.1.AHL.TZ1.H_12,vectors,FALSE,TRUE,,6,14M.1.AHL.TZ2.H_11a,4.6,FALSE,FALSE,,,,,,,,,,,,,,,,,,,,,,,,,,,,,,,,9,15M.1.AHL.TZ2.H_13c,1.15.3,,,,9,15N.1.AHL.TZ0.H_13d,3.16,,,,,,,,,,,,,,,,4,15N.2.AHL.TZ0.H_13a,5.7,FALSE,TRUE,,,,,,,,,,,,,,6,16N.1.AHL.TZ0.H_13d,3.6,,,,,,,,,,,,,,,,,,,,,,,,,,,,,3,17M.1.AHL.TZ2.H_11b,3.10,,,,,,,,,,,,,,,,,,,,,,7,17N.2.AHL.TZ0.H_11b,3.6,,,,,,,,,,3,18M.1.AHL.TZ2.H_10bii,2.8,,,,5,18N.1.AHL.TZ0.H_11a,1.14,TRUE,FALSE,,4,18M.2.AHL.TZ1.H_11a,3.15,FALSE,FALSE,,5,18M.2.AHL.TZ2.H_11a,5.14.1,FALSE,TRUE,,4,18N.2.AHL.TZ0.H_11c,2.3,,,,1,19M.1.AHL.TZ1.H_11c,3.15,,,,9,19M.1.AHL.TZ2.H_10c,4.14,,,,5,19N.1.AHL.TZ0.H_11aii,3.13,,,,2,19M.2.AHL.TZ1.H_10e,5.11,,,,16,19M.2.AHL.TZ2.H_*10,AI,,,,3,19N.2.AHL.TZ0.H_10cii,4.14,,,,5,20N.1.AHL.TZ0.H_11b,3.8,,,,5,20N.2.AHL.TZ0.H_10d,3.18,,,,,,,,,,,,,,,,,,,,,,,,,,,,,,,,,,,,,,,,,,,,,,,,,,,,,,,,,,,,,,,,,,,,,,,,,,,,,,,,,,,,,,,,,,,,,,,,,,,,5,22M.1.AHL.TZ1.H_12c,5.6,,,,,,,,,,,,,,,,,,,,,,,,,,,,,,,,,,,,,,,,,,,,,,27,22N.3.AHL.TZ0.H_2,,FALSE,FALSE,,,,,,,,,,,,,,,,,,,,,,,,,,5,23M.2.AHL.TZ2.H_11e,4.5,,,,,,,,,,,,,,,,,,,,,,,,,,,,3,24M.1.AHL.TZ1.H_12g,1.14,,,,5,24M.1.AHL.TZ2.H_12e,5.19,,,,,,,,,,,,,,,,4,24M.2.AHL.TZ2.H_12b,5.15 (int),,,,,,,,,,,,,,,,,,,,,,,,,,
,,,,,,,,,,,,,,,,,,,,,,,,,,,,,,,,,,,,,,,,,,,,,,,,,,,,,,,,,,,,,,,,,,,,,,,,,,,,,,,,,,,,,,,,,,,,,,,,,,,,,,,,,,,,,,,,,,,,,,,,,,,,,,,,,,,,,,,,,,,,,,,,,,,,,,,,,,,,,,,,,,,,,,,,,,,,,,,,,,,,,,,,,,,,,,,,,,,,,,,,,,,,,,,,,,,,,,,,,,,,,,,07M.1.AHL.TZ1.H_19,,FALSE,FALSE,,,07M.1.AHL.TZ2.H_19,,,,,,07N.1.AHL.TZ0.H_19,,FALSE,FALSE,,,,,,,,,,,,,,,,,,,,,,,,,,,,,,,,,,,,,,,,,,,,,,,,,,,,,,,,,,,,,,,,,,,,,,,,,,,,,,,,,,,,,,,,,,,,,,,,,,,,,,,,,,,,,,,,,,,,,,,,,,,,,,,,,,,,,,,,,,,,,,,,,8,11M.1.AHL.TZ2.H_13b,,,,,,,,,,,,,,,,,,,,,,,,,,,,11,12M.1.AHL.TZ1.H_12c,5.16 (Isub),,,,,,,,,,,,,,,,,,,,,,,,,,,,,,,,,,,,,,,,,,,,,,,,,,,,,,,,,,,,,,,,,,,,3,14M.1.AHL.TZ1.H_13a,1.12,TRUE,TRUE,,6,14M.1.AHL.TZ2.H_11b,4.7,,,,,,,,,,,,,,,,,,,,,,,,,,,,,,,,,,15,15M.1.SL.TZ2.S_9,3.13,FALSE,FALSE,,,,,,,,,,,,,,,,,,,,3,15N.2.AHL.TZ0.H_13b,5.8,,,,,,,,,,,,,,,,,,,,,,,,,,,,,,,,,,,,,,,,,,,,,,,14,17M.1.AHL.TZ2.H_11c,1.14,,,,,,,,,,,,,,,,,,,,,,3,17N.2.AHL.TZ0.H_11c,2.10,,,,,,,,,,4,18M.1.AHL.TZ2.H_10c,2.2,,,,3,18N.1.AHL.TZ0.H_11bi,1.13,,,,3,18M.2.AHL.TZ1.H_11b,3.12,,,,4,18M.2.AHL.TZ2.H_11bi,2.4,,,,,,,,,,2,19M.1.AHL.TZ1.H_11d,3.15,,,,1,19M.1.AHL.TZ2.H_11a,2.9 (4),FALSE,FALSE,,4,19N.1.AHL.TZ0.H_11b,3.18,,,,2,19M.2.AHL.TZ1.H_10f,5.11,,,,6,19M.2.AHL.TZ2.H_11a,3.17,FALSE,FALSE,,4,19N.2.AHL.TZ0.H_10ciii,4.14,,,,5,20N.1.AHL.TZ0.H_11c,3.7,,,,2,20N.2.AHL.TZ0.H_11a,5.9 (6),FALSE,FALSE,,,,,,,,,,,,,,,,,,,,,,,,,,,,,,,,,,,,,,,,,,,,,,,,,,,,,,,,,,,,,,,,,,,,,,,,,,,,,,,,,,,,,,,,,,,,,,,,,,5,22M.1.AHL.TZ1.H_12d,5.19,,,,,,,,,,,,,,,,,,,,,,,,,,,,,,,,,,,,,,,,,,,,,,,,,,,,,,,,,,,,,,,,,,,,,,,,,,,,2,23M.2.AHL.TZ2.H_12a,5.18 (Eul),,,,,,,,,,,,,,,,,,,,,,,,,,,,,,,,,,,,,,,,,,,,,,,,,,,,4,24M.2.AHL.TZ2.H_12c,5.18 (IF),,,,,,,,,,,,,,,,,,,,,,,,,,
,,,,,,,,,,,,,,,,,,,,,,,,,,,,,,,,,,,,,,,,,,,,,,,,,,,,,,,,,,,,,,,,,,,,,,,,,,,,,,,,,,,,,,,,,,,,,,,,,,,,,,,,,,,,,,,,,,,,,,,,,,,,,,,,,,,,,,,,,,,,,,,,,,,,,,,,,,,,,,,,,,,,,,,,,,,,,,,,,,,,,,,,,,,,,,,,,,,,,,,,,,,,,,,,,,,,,,,,,,,,,,6,07M.1.AHL.TZ1.H_20,5.14.2,FALSE,FALSE,,6,07M.1.AHL.TZ2.H_20,5.14.2,FALSE,FALSE,,,07N.1.AHL.TZ0.H_20,,FALSE,FALSE,,,,,,,,,,,,,,,,,,,,,,,,,,,,,,,,,,,,,,,,,,,,,,,,,,,,,,,,,,,,,,,,,,,,,,,,,,,,,,,,,,,,,,,,,,,,,,,,,,,,,,,,,,,,,,,,,,,,,,,,,,,,,,,,,,,,,,,,,,,,,,,,,2,11M.1.AHL.TZ2.H_13ci,,,,,,,,,,,,,,,,,,,,,,,,,,,,,,,,,,,,,,,,,,,,,,,,,,,,,,,,,,,,,,,,,,,,,,,,,,,,,,,,,,,,,,,,,,,,,,,,,,4,14M.1.AHL.TZ1.H_13b,1.12,,,,,14M.1.AHL.TZ2.H_12,vectors,FALSE,FALSE,,,,,,,,,,,,,,,,,,,,,,,,,,,,,,,,,,,,,,,,,,,,,,,,,,,,,,,,5,15N.2.AHL.TZ0.H_13c,5.8,,,,,,,,,,,,,,,,,,,,,,,,,,,,,,,,,,,,,,,,,,,,,,,,,,,,,,,,,,,,,,,,,,,,,,,3,17N.2.AHL.TZ0.H_12a,1.4,FALSE,FALSE,,,,,,,,,,,,,,3,18N.1.AHL.TZ0.H_11bii,1.13,,,,8,18M.2.AHL.TZ1.H_11c,3.15,,,,3,18M.2.AHL.TZ2.H_11bii,5.4,,,,,,,,,,8,19M.1.AHL.TZ1.H_11e,3.16.3,,,,1,19M.1.AHL.TZ2.H_11b,2.2 (4),,,,3,19N.1.AHL.TZ0.H_11ci,3.7,,,,6,19M.2.AHL.TZ1.H_10g,3.7,,,,3,19M.2.AHL.TZ2.H_11b,3.18,,,,8,19N.2.AHL.TZ0.H_11a,5.14.1 (6),FALSE,FALSE,,2,20N.1.AHL.TZ0.H_12ab,2.8,FALSE,FALSE,,7,20N.2.AHL.TZ0.H_11b,5.16 (parts),,,,,,,,,,,,,,,,,,,,,,,,,,,,,,,,,,,,,,,,,,,,,,,,,,,,,,,,,,,,,,,,,,,,,,,,,,,,,,,,,,,,,,,,,,,,,,,,,,,,3,22M.1.AHL.TZ1.H_12e,5.13,,,,,,,,,,,,,,,,,,,,,,,,,,,,45,SL,,,,,,,,,,,,,,,,,,,,,,,,,,,,,,,,,,,,,,,,,,,,,,,8,23M.2.AHL.TZ2.H_12b,5.18 (sep),,,,,,,,,,,,,,,,,,,,,,,,,,,,,,,,,,,,,,,,,,,,,,,,,,,,5,24M.2.AHL.TZ2.H_12d,5.18 (IF),,,,,,,,,,,,,,,,,,,,,,,,,,
,,,,,,,,,,,,,,,,,,,,,,,,,,,,,,,,,,,,,,,,,,,,,,,,,,,,,,,,,,,,,,,,,,,,,,,,,,,,,,,,,,,,,,,,,,,,,,,,,,,,,,,,,,,,,,,,,,,,,,,,,,,,,,,,,,,,,,,,,,,,,,,,,,,,,,,,,,,,,,,,,,,,,,,,,,,,,,,,,,,,,,,,,,,,,,,,,,,,,,,,,,,,,,,,,,,,,,,,,,,,,,,,,,,,,,,,,,,,,,,,,,,,,,,,,,,,,,,,,,,,,,,,,,,,,,,,,,,,,,,,,,,,,,,,,,,,,,,,,,,,,,,,,,,,,,,,,,,,,,,,,,,,,,,,,,,,,,,,,,,,,,,,,,,,,,,,,,,,,,,,,,,,,,,,,,,,,,,,,,,,,,,6,11M.1.AHL.TZ2.H_13cii,,,,,,,,,,,,,,,,,,,,,,,,,,,,,,,,,,,,,,,,,,,,,,,,,,,,,,,,,,,,,,,,,,,,,,,,,,,,,,,,,,,,,,,,,,,,,,,,,,5,14M.1.AHL.TZ1.H_13c,1.3,,,,,14M.1.AHL.TZ2.H_13,integrals,FALSE,FALSE,,,,,,,,,,,,,,,,,,,,,,,,,,,,,,,,,,,,,,,,,,,,,,,,,,,,,,,,9,15N.2.AHL.TZ0.H_13d,5.11,,,,,,,,,,,,,,,,,,,,,,,,,,,,,,,,,,,,,,,,,,,,,,,7,17M.1.SL.TZ2.S_2,3.13,,,,,,,,,,,,,,,,,,,,,,3,17N.2.AHL.TZ0.H_12b,1.4,,,,,,,,,,,,,,,,5,18N.1.AHL.TZ0.H_11biii,1.13,,,,,,,,,,7,18M.2.AHL.TZ2.H_11c,5.14.1,,,,,,,,,,,,,,,,6,19M.1.AHL.TZ2.H_11c,2.3 (4),,,,2,19N.1.AHL.TZ0.H_11cii,2.13,,,,5,19M.2.AHL.TZ1.H_11a,1.14 (3),FALSE,TRUE,,1,19M.2.AHL.TZ2.H_11c,3.18,,,,3,19N.2.AHL.TZ0.H_11b,5.17 (6),,,,4,20N.1.AHL.TZ0.H_12c,2.5.2,,,,2,20N.2.AHL.TZ0.H_11c,5.9 (6),,,,,,,,,,,,,,,,,,,,,,,,,,,,,,,,,,,,,,,,,,,,,,,,,,,,,,,,,,,,,,,,,,,,,,,,,,,,,,,,,,,,,,,,,,,,,,,,,,,,,,,,,,,,,,,,,,,,,,,,,,,,,,,,,,65,HL,,,,,,,,,,,,,,,,,,,,,,,,,,,,,,,,,,,,,,,,,,,,,,,1,23M.2.AHL.TZ2.H_12c,5.18 (sep),,,,,,,,,,,,,,,,,,,,,,,,,,,,,,,,,,,,,,,,,,,,,,,,,,,,3,24M.2.AHL.TZ2.H_12e,5.2,,,,,,,,,,,,,,,,,,,,,,,,,,
,,,,,,,,,,,,,,,,,,,,,,,,,,,,,,,,,,,,,,,,,,,,,,,,,,,,,,,,,,,,,,,,,,,,,,,,,,,,,,,,,,,,,,,,,,,,,,,,,,,,,,,,,,,,,,,,,,,,,,,,,,,,,,,,,,,,,,,,,,,,,,,,,,,,,,,,,,,,,,,,,,,,,,,,,,,,,,,,,,,,,,,,,,,,,,,,,,,,,,,,,,,,,,,,,,,,,,,,,,,,,,,,,,,,,,,,,,,,,,,,,,,,,,,,,,,,,,,,,,,,,,,,,,,,,,,,,,,,,,,,,,,,,,,,,,,,,,,,,,,,,,,,,,,,,,,,,,,,,,,,,,,,,,,,,,,,,,,,,,,,,,,,,,,,,,,,,,,,,,,,,,,,,,,,,,,,,,,,,,,,,,,,,,,,,,,,,,,,,,,,,,,,,,,,,,,,,,,,,,,,,,,,,,,,,,,,,,,,,,,,,,,,,,,,,,,,,,,,,,,,,,,,,,,,,,,,,,,,,,,,,,5,14M.1.AHL.TZ1.H_13d,1.12,,,,,,,,,,,,,,,,,,,,,,,,,,,,,,,,,,,,,,,,,,,,,,12,15N.1.SL.TZ0.S_9,3.15,,,,,,,,,,,,,,,,,,,,,,,,,,,,,,,,,,,,,,,,,,,,,,,,,,,,,,,,,,,,,,,,,16,17M.1.SL.TZ2.S_9,3.15,,,,,,,,,,,,,,,,,,,,,,3,17N.2.AHL.TZ0.H_12c,1.4,,,,,,,,,,12,18M.1.AHL.TZ2.H_11,"1.7, 2.10, 5.11,",,,,,,,,,,,,,,,,,,,,,,,,,,,,,,,,,,2,19M.1.AHL.TZ2.H_11d,2.4 (4),,,,,,,,,,3,19M.2.AHL.TZ1.H_11b,1.3 (3),,,,9,19M.2.AHL.TZ2.H_11d,3.18,,,,6,19N.2.AHL.TZ0.H_11c,5.17 (vol) (6),,,,3,20N.1.AHL.TZ0.H_12d,2.8,,,,2,20N.2.AHL.TZ0.H_11d,5.9 (6),,,,,,,,,,,,,,,,,,,,,,,,,,,,,,,,,,,,,,,,,,,,,,,,,,,,,,,,,,,,,,,,,,,,,,,,,,,,,,,,,,,,,,,,,,,,,,,,,,,,,,,,,,,,,,,,,,,,,,,,,,,,,,,,,,57,A,,,,,,,,,,,,,,,,,,,,,,,,,,,,,,,,,,,,,,,,,,,,,,,2,23M.2.AHL.TZ2.H_12d,5.7.3,,,,,,,,,,,,,,,,,,,,,,,,,,,,,,,,,,,,,,,,,,,,,,,,,,,,2,24M.2.AHL.TZ2.H_12f,5.18,,,,,,,,,,,,,,,,,,,,,,,,,,
,,,,,,,,,,,,,,,,,,,,,,,,,,,,,,,,,,,,,,,,,,,,,,,,,,,,,,,,,,,,,,,,,,,,,,,,,,,,,,,,,,,,,,,,,,,,,,,,,,,,,,,,,,,,,,,,,,,,,,,,,,,,,,,,,,,,,,,,,,,,,,,,,,,,,,,,,,,,,,,,,,,,,,,,,,,,,,,,,,,,,,,,,,,,,,,,,,,,,,,,,,,,,,,,,,,,,,,,,,,,,,,,,,,,,,,,,,,,,,,,,,,,,,,,,,,,,,,,,,,,,,,,,,,,,,,,,,,,,,,,,,,,,,,,,,,,,,,,,,,,,,,,,,,,,,,,,,,,,,,,,,,,,,,,,,,,,,,,,,,,,,,,,,,,,,,,,,,,,,,,,,,,,,,,,,,,,,,,,,,,,,,,,,,,,,,,,,,,,,,,,,,,,,,,,,,,,,,,,,,,,,,,,,,,,,,,,,,,,,,,,,,,,,,,,,,,,,,,,,,,,,,,,,,,,,,,,,,,,,,,,,,,,,,,,,,,,,,,,,,,,,,,,,,,,,,,,,,,,,,,,,,,,,,,,,,,,,,,21,15M.2.AHL.TZ1.H_13,5,,FALSE,,,,,,,,,,,,,,,,,,,,,,,,,,,,,,,,,,,,,,,,,,,,,,,,,,,,,,,,,,,,,,,,,,,,,,,,,,,,,,,,,6,17N.2.AHL.TZ0.H_12d,1.4,,,,,,,,,,,,,,,,,,,,,,,,,,,,,,,,,,,,,,,,,,,,,,7,19M.1.AHL.TZ2.H_11e,5.4 (4),,,,,,,,,,9,19M.2.AHL.TZ1.H_11c,2.12 (3),,,,,,,,,,,,,,,,6,20N.1.AHL.TZ0.H_12e,5.17 (vol) (6),,,,7,20N.2.AHL.TZ0.H_11e,1.6 (6),,,,,,,,,,,,,,,,,,,,,,,,,,,,,,,,,,,,,,,,,,,,,,,,,,,,,,,,,,,,,,,,,,,,,,,,,,,,,,,,,,,,,,,,,,,,,,,,,,,,,,,,,,,,,,,,,,,,,,,,,,,,,,,,,,53,B,,,,,,,,,,,,,,,,,,,,,,,,,,,,,,,,,,,,,,,,,,,,,,,2,23M.2.AHL.TZ2.H_12e,5.18 (IF),,,,,,,,,,,,,,,,,,,,,,,,,,,,,,,,,,,,,,,,,,,,,,,,,,,,,,,,,,,,,,,,,,,,,,,,,,,,,,,,
,,,,,,,,,,,,,,,,,,,,,,,,,,,,,,,,,,,,,,,,,,,,,,,,,,,,,,,,,,,,,,,,,,,,,,,,,,,,,,,,,,,,,,,,,,,,,,,,,,,,,,,,,,,,,,,,,,,,,,,,,,,,,,,,,,,,,,,,,,,,,,,,,,,,,,,,,,,,,,,,,,,,,,,,,,,,,,,,,,,,,,,,,,,,,,,,,,,,,,,,,,,,,,,,,,,,,,,,,,,,,,,,,,,,,,,,,,,,,,,,,,,,,,,,,,,,,,,,,,,,,,,,,,,,,,,,,,,,,,,,,,,,,,,,,,,,,,,,,,,,,,,,,,,,,,,,,,,,,,,,,,,,,,,,,,,,,,,,,,,,,,,,,,,,,,,,,,,,,,,,,,,,,,,,,,,,,,,,,,,,,,,,,,,,,,,,,,,,,,,,,,,,,,,,,,,,,,,,,,,,,,,,,,,,,,,,,,,,,,,,,,,,,,,,,,,,,,,,,,,,,,,,,,,,,,,,,,,,,,,,,,,,,,,,,,,,,,,,,,,,,,,,,,,,,,,,,,,,,,,,,,,,,,,,,,,,,,,,,,,,,,,,,,,,,,,,,,,,,,,,,,,,,,,,,,,,,,,,,,,,,,,,,,,,,,,,,,,,,,,,,,,,,,,,,,,,,,,,,,,,,,,,,,,,,,,,,,,,,,,,,,,,,,,,,,,,,,,,,,,,,,,,,,,,,,,,,,,,,,,,,,,,,,,,,,,,,,,,,,,,,,,,,,,,,,,,,,,,,,,,,,,,,,,,,,,,,,,,,,,,,,,,,,,,,,,,,,,,,,,,,,,,,,,,,,,,,,,,,,,,,,,,,,,,,,,,,,,,,,,,,,,,,,,,,,,,,,,,,,,,,,,,,,,,,,,,,,,,,,,,,,,,,,,,,,,,,,,,,,,,,,,,,,,,,,,,,,,,,,,,,,,,,6,23M.2.AHL.TZ2.H_12f,5.18 (IF),,,,,,,,,,,,,,,,,,,,,,,,,,,,,,,,,,,,,,,,,,,,,,,,,,,,,,,,,,,,,,,,,,,,,,,,,,,,,,,,
,,,,,,,,,,,,,,,,,,,,,,,,,,,,,,,,,,,,,,,,,,,,,,,,,,,,,,,,,,,,,,,,,,,,,,,,,,,,,,,,,,,,,,,,,,,,,,,,,,,,,,0,,,,,0,,,,,13,,,,,0,,,,,,,,,,,,,,,,,,,,,,,,,,,,,,,,,,,,,,,,,,,,,,,,,,,,,,,,,,,,,,,,,,,,,,,,,,,,,,,,,,,,,0,,,,,0,,,,,120,,,,,0,,,,,18,,,27AH,26AH,,24,,,27AH,26AH,,0,,,27AH,26AH,,0,,,27AH,26AH,,0,,,27AH,26AH,,0,,,27AH,26AH,,0,,,27AH,26AH,,0,,,27AH,26AH,,5,,,27AH,26AH,,20,,,27AH,26AH,,11,,,27AH,26AH,,11,,,27AH,26AH,,11,,,27AH,26AH,,52,,,27AH,26AH,,21,,,27AH,26AH,,0,,,27AH,26AH,,120,,,27AH,26AH,,20,,,27AH,26AH,,0,,,,,6,,,27AH,26AH,,,,,27AH,26AH,,,,,27AH,26AH,,,,,27AH,26AH,,,,,27AH,26AH,,,,,27AH,26AH,,,,,27AH,26AH,,29,,,27AH,26AH,,120,,,27AH,26AH,,0,,,27AH,26AH,,11,,,27AH,26AH,,8,,,27AH,26AH,,0,,,,,120,,,27AH,26AH,,42,,,,,,,,,,,,,,,,,,,27AH,26AH,,93,,,27AH,26AH,,79,,,27AH,26AH,,120,,,27AH,26AH,,88,,,27AH,26AH,,23,,,27AH,26AH,,13,,,27AH,26AH,,13,,,27AH,26AH,,120,,,27AH,26AH,,46,,,27AH,26AH,,97,,,27AH,26AH,,16,,,27AH,26AH,,41,,,27AH,26AH,,9,,,27AH,26AH,,120,,,27AH,26AH,,99,,,27AH,26AH,,120,,,27AH,26AH,,85,,,27AH,26AH,,120,,,27AH,26AH,,120,,,27AH,26AH,,120,,,27AH,26AH,,120,,,27AH,26AH,,120,,,27AH,26AH,,120,,,27AH,26AH,,120,,,27AH,26AH,,120,,,27AH,26AH,,100,,,,27AH,26AH,,123,,,27AH,26AH,,100,,,27AH,26AH,,100,,,27AH,26AH,,100,,,27AH,26AH,,100,,,27AH,26AH,,100,,,27AH,26AH,,100,,,27AH,26AH,,89,,,27AH,26AH,,100,,,27AH,26AH,,100,,,27AH,26AH,,100,,,27AH,26AH,,100,,,27AH,26AH,,100,,,27AH,26AH,,100,,,27AH,26AH,,100,,,27AH,26AH,,100,,,27AH,26AH,,100,,,27AH,26AH,,100,,,27AH,26AH,,100,,,27AH,26AH,,64,,,27AH,26AH,,62,,,27AH,26AH,,87,,,27AH,26AH,,66,,,27AH,26AH,,63,,,27AH,26AH,,83,,,27AH,26AH,,55,,,27AH,26AH,,55,,,27AH,26AH,,55,,,27AH,26AH,,63,,,27AH,26AH,,61,,,27AH,26AH,,72,,,27AH,26AH,,30,,,27AH,26AH,,66,,,27AH,26AH,,70,,,27AH,26AH,,0,,,27AH,26AH,,84,,,27AH,26AH,,71,,,27AH,26AH,,82,,,27AH,26AH,,65,,,27AH,26AH,,80,,,27AH,26AH,,110,,,27AH,26AH,,55,,,27AH,26AH,,31,,,27AH,26AH,,55,,,27AH,26AH,,6,,,27AH,26AH,,16,,,27AH,26AH,,58,,,27AH,26AH,,27,,,27AH,26AH,,70,,,27AH,26AH,,11,,,27AH,26AH,,55,,,27AH,26AH,,55,,,27AH,26AH,,55,,,27AH,26AH,,30,,,27AH,26AH,,,,,27AH,26AH,,0,,,27AH,26AH,,37,,,27AH,26AH,,82,,,27AH,26AH,,6,,,27AH,26AH,,0,,,27AH,26AH,,0,,,27AH,26AH,,0,,,27AH,26AH